gene1_name,gene2_name,cell_line,label
APC,MLH1,A549,1
CDKN1B,GATA3,A549,0
FGFR2,TSC1,A549,0
FLT3,MLH1,A549,0
PAK3,PAK4,A549,0
BCL2,KIT,A549,0
LDHB,PGAM1,A549,0
CASP8,RUNX1,A549,0
CSNK1G1,CSNK1G3,A549,0
BRCA2,SMO,A549,0
H6PD,PDHA1,A549,0
BRAF,FNTA,A549,0
ARID2,SMAD4,A549,0
KCND1,KCND2,A549,0
ENO2,PGK2,A549,0
KCNS1,KCNV2,A549,0
FGFR2,TP53,A549,0
ENO1,GOT1,A549,0
LDHB,MDH2,A549,0
SMARCB1,TYMS,A549,0
LDHC,TPI1,A549,0
ALDOC,HK2,A549,0
PBRM1,ROR1,A549,0
GAPDHS,PGLS,A549,0
PIK3CA,PIK3CG,A549,0
BBC3,BIK,A549,0
GAPDHS,PFKP,A549,0
BRD4,SMARCB1,A549,0
CDKN2A,VHL,A549,0
HSP90AA1,MAPK1,A549,0
ATM,SETD2,A549,0
ALK,PIK3CA,A549,0
DHFR,KIT,A549,0
PPIL1,PPIL2,A549,0
LDHC,PFKL,A549,0
UBE2D2,UBE2L6,A549,0
DHFR,VEGFA,A549,0
MET,ROR1,A549,0
KIT,PDGFRA,A549,0
ENO1,ENO3,A549,0
CDKN1B,PTEN,A549,0
HK2,RPIA,A549,0
JAK2,RRM2,A549,0
BRCA2,MCL1,A549,0
BTK,CDK4,A549,0
EGFR,HDAC6,A549,0
PDHX,PKM,A549,0
AKT1,HDAC1,A549,0
LDHAL6B,MDH1,A549,0
PDHX,PGK2,A549,0
FLT3,GATA3,A549,0
CDKN2A,SRC,A549,0
ATM,PIK3CA,A549,0
APC,BRCA2,A549,0
BCL2L14,BOK,A549,0
BRAF,SMAD4,A549,0
RPL3,RPL3L,A549,0
BRAF,EGFR,A549,0
PFKM,PKM,A549,0
HDAC6,KIT,A549,0
ABL1,HDAC6,A549,0
HDAC6,IGF1R,A549,0
HSP90AA1,JAK2,A549,0
ERBB2,TSC1,A549,0
BRD4,NF1,A549,0
ALDOC,PDHA2,A549,0
FBP2,TKT,A549,0
PARP1,RRM2,A549,0
JAK2,RPS6KB1,A549,0
PDHA1,PFKP,A549,0
LDHA,TALDO1,A549,0
BRAF,KMT2D,A549,0
BRAF,CDK9,A549,0
DNAJC15,DNAJC19,A549,0
HK1,PDHX,A549,0
CDKN2A,RUNX1,A549,0
GAPDH,ME1,A549,0
KDM6A,SRC,A549,0
GATA3,HDAC1,A549,0
APC,MTOR,A549,0
DLAT,PFKL,A549,0
ALDOC,PFKP,A549,0
OBSCN,OBSL1,A549,0
LDHB,TKT,A549,0
ARID1A,NF1,A549,0
DHFR,TYMS,A549,0
YWHAE,YWHAZ,A549,0
BRCA2,PIK3CA,A549,0
AKT2,MAPK1,A549,0
ADA,VEGFA,A549,0
PBRM1,PTEN,A549,0
ATM,MET,A549,0
BRD4,KIT,A549,0
ALDOA,LDHC,A549,0
CDKN2A,MTOR,A549,0
CDH1,SMARCA4,A549,0
MDH2,ME2,A549,0
ALDOB,PKLR,A549,0
FBP2,PFKL,A549,0
CHEK2,KMT2D,A549,0
MAP2K2,MAPK1,A549,0
ALK,IGF1R,A549,0
MAPK1,WEE1,A549,0
ARID1A,TYMS,A549,0
HK2,RPE,A549,0
BBC3,BCL2L14,A549,0
HK2,TALDO1,A549,0
HDAC1,MAP2K1,A549,0
ALDOA,PGK1,A549,0
SMARCB1,VHL,A549,0
PFKM,RPIA,A549,0
FLT3,JAK2,A549,0
AKT1,BRAF,A549,0
CDKN1B,JAK2,A549,0
PRMT6,PRMT8,A549,0
GAPDHS,HK2,A549,0
CYFIP1,CYFIP2,A549,0
GAPDHS,H6PD,A549,0
FBP2,MDH1,A549,0
ENO2,PFKL,A549,0
ARID1A,VEGFA,A549,0
BID,BOK,A549,0
BCL2L1,BRCA1,A549,0
SMARCA4,WEE1,A549,0
PLCB1,PLCB4,A549,0
G6PD,PDHB,A549,0
KCNA3,KCNA7,A549,0
KCNB1,KCNV2,A549,0
CASP6,CASP7,A549,0
BRD4,CDKN1B,A549,0
ADA,PDGFRA,A549,0
NF1,SMO,A549,0
BRAF,JAK2,A549,0
AKT1,KMT2D,A549,0
MTOR,TSC1,A549,0
CDKN1B,PIK3R1,A549,0
CASP8,ERBB2,A549,0
AKT2,RPS6KB2,A549,0
FLT3,PARP1,A549,0
GOT1,ME2,A549,0
ABL1,BRAF,A549,0
ARID1A,RPS6KB1,A549,0
SRC,TSC1,A549,0
ARID1A,TSC1,A549,0
ABL1,CDK9,A549,0
BCL2A1,MCL1,A549,0
ATM,KIT,A549,0
PRKCH,PRKCZ,A549,0
DUSP6,DUSP9,A549,0
MAP3K1,TSC1,A549,1
HK3,PDHB,A549,0
FLT3,MAP2K1,A549,0
PGAM1,TKT,A549,0
AKT1,RUNX1,A549,0
PGAM1,PGK1,A549,0
ALDOA,FBP1,A549,0
CDK6,RUNX1,A549,0
ALDOC,PFKL,A549,0
ATM,CDK9,A549,0
CDK6,KMT2D,A549,0
PGAM2,PGAM4,A549,0
BCL2,BRD4,A549,0
MLH1,RB1,A549,0
PFKP,PGAM1,A549,0
RPS6KB1,SMAD4,A549,0
ADAMTS14,ADAMTS2,A549,0
KIT,PARP1,A549,0
CDK9,MSH6,A549,0
ENO2,RPIA,A549,0
EIF4A2,EIF4A3,A549,0
BTK,CHEK2,A549,0
CDH1,JAK2,A549,0
LDHA,PGAM2,A549,0
CHEK2,MAPK3,A549,0
BRD4,EGFR,A549,0
HK3,PFKL,A549,0
ENO3,LDHC,A549,0
KCNB1,KCNG4,A549,0
BNIP3L,BOK,A549,0
ALDOA,ME1,A549,0
BRAF,MLH1,A549,0
IGF1R,JAK2,A549,0
APC,ARID2,A549,1
LDHA,PFKL,A549,0
GOT1,PKLR,A549,0
MCL1,PARP1,A549,0
ME1,RPE,A549,0
ENO2,ME1,A549,0
MAP3K1,SRC,A549,0
GAPDH,PGD,A549,0
NF1,PIK3R1,A549,0
LDHA,PGK1,A549,0
CDKN1B,WEE1,A549,0
AKT2,CHEK2,A549,0
CDKN2A,KMT2D,A549,0
CDK9,IGF1R,A549,0
MSH6,SRC,A549,0
PSMB6,PSMB9,A549,0
HK1,PGD,A549,0
ARID1A,CDK9,A549,0
CHEK1,JAK2,A549,0
CHEK1,ROR1,A549,0
RPS6KB1,TSC1,A549,0
HK1,HKDC1,A549,0
MDH1,PDHX,A549,0
UBE2E3,UBE2L6,A549,0
PGAM2,PKLR,A549,0
FGFR3,NF1,A549,0
APC,CDKN2A,A549,1
APC,CASP8,A549,1
ARID1A,SMARCB1,A549,0
BIK,PMAIP1,A549,0
HK3,PKM,A549,0
MAP2K1,UBC,A549,0
PFKP,PGK2,A549,0
ENO2,PKM,A549,0
CALM2,TNNC2,A549,0
CHEK2,GATA3,A549,0
FBP1,PDHB,A549,0
CDK4,PIK3CA,A549,0
CASP8,MET,A549,0
BAK1,BNIP3L,A549,0
LDHC,PGLS,A549,0
DLAT,TPI1,A549,0
MTOR,SRC,A549,1
GAPDH,MDH2,A549,0
FAHD2A,FAHD2B,A549,0
CDK6,FLT3,A549,0
CDH1,CDK9,A549,0
HDAC6,PTEN,A549,0
PGK1,TPI1,A549,0
BAK1,BID,A549,0
SRC,VEGFA,A549,0
JAK2,RB1,A549,0
BRD4,FLT3,A549,0
CHEK2,MAP3K1,A549,0
KMT2D,RPS6KB1,A549,0
GAPDHS,PGAM2,A549,0
ERBB2,SMARCA4,A549,0
CASP8,SMAD4,A549,0
HSP90AA1,SMAD4,A549,0
MTOR,NF1,A549,0
KMT2D,SETD2,A549,0
MCL1,WEE1,A549,0
ENO1,HK3,A549,0
CDK9,SETD2,A549,0
ALDOB,GOT1,A549,0
PFKL,PGAM1,A549,0
BAD,BCL2L11,A549,0
FBP1,HK2,A549,0
DLAT,RPE,A549,0
CDKN1B,SRC,A549,0
MDH1,PFKP,A549,0
ENO2,TALDO1,A549,0
ALDOC,ENO1,A549,0
HSP90AA1,KMT2D,A549,0
CDH1,TSC1,A549,0
G6PD,PDHX,A549,0
MDH1,PFKL,A549,0
PIK3R1,TYMS,A549,0
CDKN1B,NF1,A549,0
CHEK1,TP53,A549,0
CDH1,CHEK1,A549,0
PPP1R13L,TP53BP2,A549,0
PPP1R13B,TP53BP2,A549,0
FBP1,HK3,A549,0
GOT2,LDHA,A549,0
ERN1,ERN2,A549,0
PDHA2,PFKM,A549,0
ALK,RB1,A549,0
BCL2,MTOR,A549,1
BTK,MSH6,A549,0
BCL2,MAPK3,A549,0
KCNA1,KCNC1,A549,0
BPGM,PGAM1,A549,0
CDK1,CDK6,A549,0
GOT1,PGD,A549,0
PIK3R1,TSC1,A549,0
RRM2,VHL,A549,0
JAK2,SMARCB1,A549,0
CDK4,VEGFA,A549,0
PFKL,TKT,A549,0
FGFR3,MTOR,A549,0
CHEK2,SMARCA4,A549,0
APC,GATA3,A549,1
ATP1A2,ATP1A3,A549,0
BCL2,CDK6,A549,0
DHFR,PIK3CA,A549,0
AKT1,UBC,A549,0
ENO3,PKM,A549,0
CASP3,CASP6,A549,0
CASP8,CDKN2A,A549,0
PDHA2,PFKP,A549,0
RB1,TSC1,A549,0
PGK2,RPIA,A549,0
LDHA,TPI1,A549,0
ADA,MTOR,A549,0
ROR1,TP53,A549,0
UBE2A,UBE2W,A549,0
H6PD,ME1,A549,0
CDK4,CDKN2A,A549,0
BCL2L10,CHEK2,A549,0
MET,SMO,A549,0
DLD,PDHX,A549,0
BRAF,WEE1,A549,0
TRIM21,TRIM6,A549,0
GAPDH,GAPDHS,A549,0
DNM1,DNM3,A549,0
HK1,LDHA,A549,0
HNRNPC,RALY,A549,0
GOT1,PDHA2,A549,0
BCL2A1,HSP90AA1,A549,0
ALDOA,GAPDH,A549,0
KDM6A,RPS6KB1,A549,0
PDHA1,PDHA2,A549,0
HK2,PGK2,A549,0
MAP3K1,SMARCB1,A549,0
JAK2,PBRM1,A549,0
BCL2,MAPK1,A549,0
ABL1,EGFR,A549,0
CHEK2,SETD2,A549,0
RPS6KB1,VEGFA,A549,0
BCL2,CDKN1B,A549,0
PIK3R1,ROR1,A549,0
HDAC1,ROR1,A549,0
ABL1,MSH6,A549,0
FLT3,SMAD4,A549,0
HDAC6,TYMS,A549,0
ERBB2,SMAD4,A549,0
ERBB2,IGF1R,A549,0
AKT1,MAPK1,A549,0
CDK6,MET,A549,0
HK2,PGLS,A549,0
BRD4,PDGFRA,A549,0
CHEK1,MAPK1,A549,0
DPP4,FAP,A549,0
ARID1A,FLT3,A549,0
KIT,WEE1,A549,0
RPS6KB1,RUNX1,A549,0
ARID2,RUNX1,A549,1
ERBB2,FGFR3,A549,0
SETD2,SMAD4,A549,0
DLAT,PFKM,A549,0
CDK4,PDGFRA,A549,0
PFKM,PFKP,A549,0
BRCA2,FNTA,A549,0
GAPDHS,LDHAL6B,A549,0
APC,TSC1,A549,1
BTK,KMT2D,A549,0
ABL1,ALK,A549,0
CASP8,MTOR,A549,0
TUBB,TUBB4A,A549,0
BCL2L14,BID,A549,0
MDH1,PKLR,A549,0
MAP2K1,VHL,A549,0
PRMT3,PRMT8,A549,0
MSH6,NF1,A549,0
FBP1,PKM,A549,0
RPE,RPIA,A549,0
CRAT,CROT,A549,0
PRKCA,PRKCZ,A549,0
GOT1,LDHC,A549,0
KIT,TYMS,A549,0
ARID2,BCL2,A549,0
ATM,TP53,A549,0
JAK2,SRC,A549,0
BRAF,DHFR,A549,0
FLT3,SMARCA4,A549,0
PIK3CA,SMAD4,A549,0
KIT,PIK3CA,A549,0
BRCA2,MAP2K1,A549,0
PDGFRA,SRC,A549,0
CHEK2,FNTA,A549,0
CDKN1B,HSP90AA1,A549,0
BCL2A1,MAPK3,A549,0
CDH1,TP53,A549,0
BAD,BID,A549,0
RUNX1,TSC1,A549,0
NME8,NME9,A549,0
CDKN2A,FGFR2,A549,0
KCNC1,KCNC4,A549,0
CDK4,KMT2D,A549,0
MAPK1,PARP1,A549,0
LPIN1,LPIN2,A549,0
DHFR,KDM6A,A549,0
ALK,HSP90AA1,A549,0
ATP12A,ATP1A3,A549,0
APC,RUNX1,A549,1
KCNC1,KCNC3,A549,0
KIT,RRM2,A549,0
PPIL2,PPIL3,A549,0
APC,MSH6,A549,1
BOK,HRK,A549,0
PDHA1,TALDO1,A549,0
ATM,SMARCA4,A549,0
BCL2L2,UBB,A549,0
LDHAL6B,PDHX,A549,0
ARID2,ERBB2,A549,0
ABL1,CHEK2,A549,0
APC,FGFR3,A549,0
ATM,TSC1,A549,0
ALK,VHL,A549,0
PPP1R10,PRR3,A549,0
UBE2D1,UBE2L6,A549,0
AKT1,MAPK3,A549,0
ERBB2,MAP3K1,A549,1
ENO2,MDH1,A549,0
CDK6,EGFR,A549,1
ARID2,SMARCA4,A549,1
CARD11,CARD9,A549,0
GOT1,MDH2,A549,0
ABL1,KMT2D,A549,0
MSH6,RUNX1,A549,0
CHEK1,MCL1,A549,0
HSP90AA1,TSC1,A549,0
HDAC1,HDAC6,A549,0
CDKN1B,VHL,A549,0
CDK4,MSH6,A549,0
BRD4,IGF1R,A549,0
NF1,PIK3CA,A549,0
ATM,HSP90AA1,A549,0
ALDOA,PGAM2,A549,0
ARID2,MAP2K1,A549,0
BRAF,BTK,A549,0
ATP2B1,ATP2B2,A549,0
FBP1,LDHC,A549,0
EGFR,MSH6,A549,0
ENO2,HK1,A549,0
LDHA,LDHAL6B,A549,0
DLAT,TKT,A549,0
BCL2L11,HRK,A549,0
ARID2,CHEK2,A549,1
KCNB2,KCNG4,A549,0
FNTA,SETD2,A549,0
MAP3K1,RRM2,A549,0
GATA3,SRC,A549,0
KCNA7,KCNC1,A549,0
BCL2L2,MAP2K2,A549,0
LDHC,PGK1,A549,0
SMO,VHL,A549,0
BTK,HDAC6,A549,0
ATM,MAP3K1,A549,0
MET,PARP1,A549,0
GANAB,GANC,A549,0
CASP8,FGFR3,A549,0
LPIN2,LPIN3,A549,0
NF1,VHL,A549,0
PIK3R1,RPS6KB1,A549,0
MTHFS,ST20-MTHFS,A549,0
HK3,PFKP,A549,0
MTOR,UBB,A549,0
FLT3,RB1,A549,0
LDHA,UEVLD,A549,0
ARID2,SMO,A549,1
HSP90AA1,VHL,A549,1
CHEK1,RUNX1,A549,0
PRKDC,VEGFA,A549,0
BTK,ERBB2,A549,0
ENO2,PFKM,A549,0
ATM,GATA3,A549,0
ABL1,TSC1,A549,0
CDK4,CHEK1,A549,0
KDM6A,KMT2D,A549,0
H6PD,TPI1,A549,0
BRD4,FNTA,A549,0
CHEK1,PDGFRA,A549,0
PDGFRA,ROR1,A549,0
FGFR2,NF1,A549,0
MAP3K1,MSH6,A549,0
GOT2,HK1,A549,0
DLAT,HK3,A549,0
CDK3,CDK6,A549,0
BRAF,MAP2K1,A549,0
CASP8,PARP1,A549,0
MSH6,PIK3R1,A549,0
CDK4,HDAC1,A549,0
DLD,TPI1,A549,0
CDK6,MAP2K1,A549,0
HK2,PFKL,A549,0
MLH1,PBRM1,A549,0
CDKN2A,RRM2,A549,0
BIRC3,XIAP,A549,0
GAPDHS,RPE,A549,0
CDK9,HSP90AA1,A549,0
ADAM12,ADAM15,A549,0
CDK9,PRKDC,A549,0
FGFR3,PTEN,A549,0
ALK,BTK,A549,1
PRKDC,RUNX1,A549,0
ABL1,MAP3K1,A549,0
ARID2,SETD2,A549,0
ERBB2,WEE1,A549,0
IGF1R,SMARCB1,A549,0
ATM,KMT2D,A549,0
CDKN1B,PBRM1,A549,0
ARID1A,FGFR2,A549,0
CDK6,RB1,A549,0
APC,ATM,A549,1
CDK4,MAP2K1,A549,0
ADAM2,ADAM9,A549,0
CASP1,CASP5,A549,0
H6PD,LDHAL6B,A549,0
FBP2,MDH2,A549,0
FBP1,LDHAL6B,A549,0
ADA,TYMS,A549,0
ARID2,TYMS,A549,0
CDK4,TP53,A549,0
FNTA,SMO,A549,0
BRAF,TSC1,A549,0
ABL1,HSP90AA1,A549,0
BRAF,VHL,A549,0
GAPDH,HK1,A549,0
PBRM1,TSC1,A549,0
FBP2,PGLS,A549,0
ABL1,ARID1A,A549,0
SMARCA4,TYMS,A549,0
BRD4,MAP3K1,A549,1
BCL2A1,MTOR,A549,0
ALK,CDK4,A549,0
KCNA1,KCND2,A549,0
KCND1,KCND3,A549,0
FGFR2,RPS6KB1,A549,0
PFKM,PGAM1,A549,0
MYBL1,MYBL2,A549,0
PRKDC,SMARCA4,A549,0
CDKN1B,SETD2,A549,0
PGD,TKT,A549,0
CASP8,FNTA,A549,0
BID,BNIP3L,A549,0
SMO,TP53,A549,0
HK1,PFKL,A549,0
PFKP,PGAM2,A549,0
MTOR,ROR1,A549,0
ADA,BCL2,A549,0
PRKCA,PRKCQ,A549,0
ALDOB,FBP1,A549,0
ENO3,GAPDHS,A549,0
MTOR,VEGFA,A549,0
RPS27,RPS27L,A549,0
CALM3,CALML3,A549,0
MAP3K1,SETD2,A549,1
BAX,BCL2L11,A549,0
PGAM2,TKT,A549,0
MAPK10,MAPK8,A549,0
MDH1,PGK1,A549,0
ENO1,PDHA1,A549,0
BBC3,BNIP3L,A549,0
MAP2K1,TYMS,A549,0
DHFR,HDAC1,A549,0
AKT1,BCL2L1,A549,0
PLK1,PLK3,A549,0
EGFR,KMT2D,A549,0
CHEK1,HSP90AA1,A549,0
LDHA,LDHC,A549,0
PARP1,TYMS,A549,0
AKT1,MET,A549,0
DHFR,ROR1,A549,0
AURKB,AURKC,A549,0
PGAM2,RPE,A549,0
PRKDC,SMAD4,A549,1
PDGFRA,VEGFA,A549,0
FBP2,LDHA,A549,0
CDH1,RB1,A549,0
CASP8,PTEN,A549,0
ELOVL2,ELOVL5,A549,0
PDHA2,PDHB,A549,0
MLH1,MSH6,A549,0
DLAT,PKM,A549,0
EGFR,KDM6A,A549,0
ABL1,HDAC1,A549,0
CHEK2,HDAC6,A549,0
HDAC6,NF1,A549,0
ALK,CDK9,A549,0
BNIP3,BOK,A549,0
JAK2,TP53,A549,0
BCL2L1,PARP2,A549,0
PARP2,WEE1,A549,0
BRD4,MLH1,A549,0
FGFR2,KMT2D,A549,0
KCNG3,KCNS3,A549,0
HDAC2,HDAC3,A549,0
CDK4,DHFR,A549,0
CALM3,TNNC1,A549,0
PLXNA2,PLXNB1,A549,0
ADAM12,ADAM9,A549,0
JAK2,MAP3K1,A549,0
FBP1,GAPDHS,A549,0
EIF4A1,EIF4A3,A549,0
DLAT,G6PD,A549,0
ADA,FNTA,A549,0
BCL2,PBRM1,A549,0
BCL2,PTEN,A549,0
PDHB,PGAM2,A549,0
LDHB,PKLR,A549,0
FBP1,RPE,A549,0
ARID2,MTOR,A549,0
ABL1,CASP8,A549,0
GOT1,PGLS,A549,0
CDKN1B,PIK3CA,A549,0
AKT1,FNTA,A549,0
TRIM22,TRIM6,A549,0
ALK,ARID2,A549,0
ARID2,TSC1,A549,0
PDHA1,RPIA,A549,0
ENO1,PKM,A549,0
MAP3K1,SMARCA4,A549,1
MAP2K1,PIK3CA,A549,0
MSH6,TSC1,A549,0
ALDOC,LDHB,A549,0
FGFR3,SRC,A549,0
DAPK3,MYLK,A549,0
FLT3,PBRM1,A549,0
CTSG,GZMB,A549,0
ROR1,TSC1,A549,0
MSH6,VEGFA,A549,0
BCL2L10,MAPK3,A549,0
DAPK2,STK17B,A549,0
LDHAL6B,RPE,A549,0
ME2,RPIA,A549,0
MTOR,SMAD4,A549,0
ADA,CASP8,A549,0
ARID2,PARP1,A549,0
FLT3,SMO,A549,0
CDKN2A,PBRM1,A549,0
SETD2,TSC1,A549,0
MAP2K1,SETD2,A549,0
BRD4,HDAC6,A549,0
PDHA1,PFKM,A549,0
ADA,GATA3,A549,0
GOT2,PKLR,A549,0
GATA3,PIK3CA,A549,0
ATM,WEE1,A549,0
EGFR,PDGFRA,A549,0
CDK4,FGFR2,A549,0
FNTA,MAP2K1,A549,0
ENO2,H6PD,A549,0
FKBP1A,FKBP5,A549,0
PSMB5,PSMB8,A549,0
PARP1,PARP2,A549,0
HDAC6,WEE1,A549,0
MET,MSH6,A549,0
SMAD4,VHL,A549,1
MAPK3,UBC,A549,0
RRM2,RUNX1,A549,0
FBP1,GOT1,A549,0
GATA3,PTEN,A549,0
ADA,IGF1R,A549,0
ALDOB,TPI1,A549,0
KMT2D,PBRM1,A549,0
ENO2,PGLS,A549,0
ABL1,APC,A549,1
BTK,SMAD4,A549,1
DLD,TKT,A549,0
CDH1,MTOR,A549,0
CDKN1B,IGF1R,A549,0
ALDOB,LDHC,A549,0
HDAC1,SMARCB1,A549,0
FNTA,PIK3CA,A549,0
RBX1,RNF7,A549,0
ADA,ATM,A549,0
CDK9,RRM2,A549,0
GAPDHS,PGK2,A549,0
CDKN2A,MSH6,A549,0
HSP90AA1,PBRM1,A549,0
CDK4,ERBB2,A549,0
ADA,SRC,A549,0
PLCB1,PLCB3,A549,0
CDK1,CDK4,A549,0
HDAC1,IGF1R,A549,0
DLD,PKM,A549,0
FBP2,PGK1,A549,0
CHEK2,MAPK1,A549,0
ENO2,G6PD,A549,0
GATA3,TYMS,A549,0
MAP2K1,PRKDC,A549,0
ARID2,CDK4,A549,0
GAPDH,PDHA2,A549,0
KIT,SMARCB1,A549,0
RPE,TPI1,A549,0
FGFR3,KMT2D,A549,0
MAPK1,MAPK3,A549,0
BAK1,BBC3,A549,0
CDK9,MLH1,A549,0
CDKN2A,PTEN,A549,0
PIK3CA,SMARCA4,A549,0
ATP2B3,ATP2B4,A549,0
GRK5,GRK6,A549,0
PFKP,PGK1,A549,0
CHEK1,UBB,A549,0
CDKN2A,ROR1,A549,0
BCL2,FLT3,A549,0
MAP3K1,SMO,A549,0
TKT,TKTL2,A549,0
PFKM,PGK1,A549,0
ABL1,PIK3R1,A549,0
BRAF,RB1,A549,0
DLAT,PDHA2,A549,0
FGFR3,HDAC6,A549,0
JAK2,MAP2K1,A549,0
FBP2,PDHA1,A549,0
GOT2,HK3,A549,0
FGFR2,MLH1,A549,0
UBC,WEE1,A549,0
AKT2,UBC,A549,0
FNTA,KDM6A,A549,0
MOB1A,MOB1B,A549,0
GAPDHS,LDHC,A549,0
KIT,ROR1,A549,0
FGFR3,MLH1,A549,0
CCNE1,CCNE2,A549,0
LDHAL6B,PFKP,A549,0
SETD2,SRC,A549,0
GOT1,GOT2,A549,0
DLAT,GOT1,A549,0
CDK9,VHL,A549,0
NF1,SMARCA4,A549,0
KCNA1,KCNA3,A549,0
ATP2B2,ATP2B3,A549,0
BCL2L11,BCL2L14,A549,0
DLD,PDHA2,A549,0
ALDOC,ME2,A549,0
FBP2,RPIA,A549,0
AKT1,APC,A549,1
GOT1,LDHAL6B,A549,0
NF1,RB1,A549,0
AKT1,TP53,A549,0
PFKL,PKM,A549,0
KIT,SMO,A549,0
FER,FES,A549,0
KCNA7,KCND2,A549,0
BCL2,FGFR3,A549,0
CDC20,CDC20B,A549,0
ARID1A,SMARCA4,A549,0
KIT,MTOR,A549,0
EPHA4,EPHA7,A549,0
ALDOC,TALDO1,A549,0
TRIM38,TRIM6,A549,0
CASP8,PBRM1,A549,0
HSP90AA1,ROR1,A549,0
CDKN1B,RPS6KB1,A549,0
LDHAL6B,PKLR,A549,0
CDK4,EGFR,A549,0
ERBB2,TYMS,A549,1
ALDOA,H6PD,A549,0
BRCA2,ROR1,A549,0
EGFR,ERBB3,A549,0
PGK1,TKT,A549,0
AKT2,CHEK1,A549,0
G6PD,PDHA1,A549,0
NF1,TSC1,A549,0
CASP8,KMT2D,A549,0
HSP90AA1,TP53,A549,0
ALDOC,HK3,A549,0
GAPDH,RPE,A549,0
ADA,APC,A549,1
CDKN2A,HSP90AA1,A549,0
APC,APC2,A549,0
ME2,PKM,A549,0
EGFR,VEGFA,A549,0
AKT1,BRCA1,A549,0
CDH1,SRC,A549,0
CDKN2A,MET,A549,0
FBP1,PFKP,A549,0
ALDOC,GAPDHS,A549,0
BAD,BMF,A549,0
ENO1,PGD,A549,0
ALK,RPS6KB1,A549,0
PDGFRA,TSC1,A549,0
G6PD,TPI1,A549,0
ALK,CDK6,A549,0
PLCB2,PLCB3,A549,0
BCL2,ROR1,A549,0
BCL2,MAP3K1,A549,0
KMT2D,SMAD4,A549,0
CDH1,RPS6KB1,A549,0
HSP90AA1,MAPK3,A549,0
DLAT,ENO3,A549,0
KCNB2,KCNG1,A549,0
CASP8,RB1,A549,0
HDAC1,PTEN,A549,0
LDHC,ME2,A549,0
MDH1,PGD,A549,0
CDK9,TSC1,A549,0
ALDOA,LDHAL6B,A549,0
ME1,PDHB,A549,0
BRAF,CHEK1,A549,0
RUNX1,SMAD4,A549,0
CDKN1B,SMARCB1,A549,0
HDAC1,TYMS,A549,0
DLD,PGD,A549,0
PGAM1,RPIA,A549,0
UBE2N,UBE2S,A549,0
BRD3,BRD4,A549,0
BRD4,CDKN2A,A549,0
ALDOB,GAPDHS,A549,0
CHEK2,FLT3,A549,0
ENO1,GOT2,A549,0
CDH1,PRKDC,A549,0
CHEK1,PARP2,A549,0
ENO1,ENO2,A549,0
PGK1,TALDO1,A549,0
PHKG1,PHKG2,A549,0
ATP1A2,ATP4A,A549,0
AKT1,TYMS,A549,0
CHEK2,TP53,A549,0
HDAC6,MAP3K1,A549,0
ENO1,PDHA2,A549,0
FGFR2,SMARCB1,A549,0
CASP3,CASP7,A549,0
EGFR,TP53,A549,0
ALK,CDKN1B,A549,0
PPIH,PPIL2,A549,0
DHFR,RRM2,A549,0
ARID1A,MLH1,A549,0
CDH1,ERBB2,A549,0
HK2,PGAM1,A549,0
MDH1,PDHA1,A549,0
CDH1,FLT3,A549,0
FBP2,TPI1,A549,0
LDHB,LDHC,A549,0
RRM2,SETD2,A549,0
BCL2,NF1,A549,0
HK2,PDHA2,A549,0
PPP3CA,PPP3CC,A549,0
CHEK2,FGFR2,A549,0
BCL2,PIK3R1,A549,0
BRCA2,KMT2D,A549,0
H6PD,PGK1,A549,0
DAPK2,DAPK3,A549,0
BRD4,PTEN,A549,0
CDH1,WEE1,A549,0
FGFR2,SMAD4,A549,0
NF1,PDGFRA,A549,0
PDGFRA,PIK3CA,A549,0
CDK3,CDK4,A549,0
ADA,ARID2,A549,1
FNTA,RPS6KB1,A549,0
PDGFRA,SETD2,A549,0
DLD,H6PD,A549,0
RB1,SMO,A549,0
HK1,PFKP,A549,0
MTOR,SMARCA4,A549,0
FNTA,PBRM1,A549,0
CDKN2A,MAP2K1,A549,1
PDHX,PGAM1,A549,0
BTK,PRKDC,A549,0
BAX,BBC3,A549,0
CDK9,PIK3R1,A549,0
ARID2,MAP3K1,A549,1
ADA,CHEK2,A549,0
DHFR,KMT2D,A549,0
ADA,MAP3K1,A549,1
PDHA2,PKLR,A549,0
AKT1,MAP2K2,A549,0
DLD,FBP1,A549,0
FBP2,G6PD,A549,0
ERBB2,KDM6A,A549,1
KCNA1,KCNC4,A549,0
KIT,NF1,A549,0
BRCA1,MAPK3,A549,0
FBP2,PGAM1,A549,0
CDK9,FNTA,A549,0
HDAC6,MSH6,A549,0
RRM2,SRC,A549,0
ARID2,PTEN,A549,0
APC,KDM6A,A549,1
CDK4,MET,A549,0
BCL2,VHL,A549,0
ADA,CDK4,A549,0
FBP1,TKT,A549,0
PGAM2,TPI1,A549,0
HK2,TKT,A549,0
ADA,FGFR3,A549,0
PLXNA3,PLXNA4,A549,0
CDKN1B,PDGFRA,A549,0
DLAT,FBP2,A549,0
ALDOA,PFKM,A549,0
MTHFD1,MTHFD2L,A549,0
FGFR2,PRKDC,A549,0
CCL13,CCL8,A549,0
MAP2K1,SMARCB1,A549,0
FGFR3,JAK2,A549,0
ROR1,SRC,A549,0
FGFR3,FLT3,A549,0
ALDOC,GOT2,A549,0
ALDOC,HK1,A549,0
HK1,PGK1,A549,0
CASP8,CDK4,A549,0
DHFR,HDAC6,A549,0
EGFR,SMARCA4,A549,0
APC,HDAC1,A549,1
ARID1A,SMO,A549,0
JAK2,SMO,A549,0
GK,GK2,A549,0
CHEK1,KIT,A549,0
PARP1,TP53,A549,0
CHEK1,SMAD4,A549,0
FNTA,PRKDC,A549,0
TP53,WEE1,A549,0
CDKN2A,RB1,A549,0
AKT1,TSC1,A549,0
APC,PBRM1,A549,1
FBP1,LDHB,A549,0
BRCA2,VEGFA,A549,0
FBP2,H6PD,A549,0
ATM,ERBB2,A549,1
SIK1,SIK3,A549,0
AKT1,BTK,A549,0
ALK,GATA3,A549,0
GATA3,MET,A549,0
HK1,TALDO1,A549,0
ENO2,GAPDHS,A549,0
BRCA2,MAPK3,A549,0
FGFR2,SRC,A549,0
HDAC6,ROR1,A549,0
CDK6,CDK9,A549,0
BCL2L2,PARP1,A549,0
RRM2,SMO,A549,0
PDHX,TPI1,A549,0
CDKN2A,EGFR,A549,0
EGFR,NF1,A549,0
LDHC,PGAM1,A549,0
BRD4,SMARCA4,A549,0
BTK,PARP1,A549,1
FGFR2,GATA3,A549,0
PBRM1,SMARCA4,A549,0
BRAF,KIT,A549,0
BRAF,HDAC1,A549,0
G6PD,GAPDH,A549,0
MTOR,RUNX1,A549,0
PPIH,PPWD1,A549,0
LDHB,PDHX,A549,0
CDKN1B,TP53,A549,0
EGFR,PBRM1,A549,0
LDHC,PKLR,A549,0
KCNF1,KCNG1,A549,0
CDH1,PARP1,A549,0
CDK6,HDAC1,A549,0
CDK4,FNTA,A549,0
EPHA5,EPHA7,A549,0
CHCHD3,CHCHD6,A549,0
CDK6,VHL,A549,1
BCL2L1,WEE1,A549,0
PGK1,RPE,A549,0
RPIA,TALDO1,A549,0
ME2,RPE,A549,0
SMARCB1,SMO,A549,0
ROR1,WEE1,A549,0
PKLR,RPE,A549,0
ABL1,CDKN1B,A549,0
MSH6,SMO,A549,0
SMAD4,SMARCB1,A549,0
PRKDC,ROR1,A549,0
MET,PIK3R1,A549,0
ENO3,RPE,A549,0
CDK9,SMO,A549,0
PARP1,PRKDC,A549,0
ATM,BCL2,A549,0
HK2,PKLR,A549,0
PFKL,PGLS,A549,0
MTOR,RPS6KB1,A549,1
JAK2,MLH1,A549,0
ALK,MTOR,A549,0
FBP1,PDHA2,A549,0
ME2,PFKM,A549,0
TALDO1,TPI1,A549,0
APC,RPS6KB1,A549,1
ENO2,PGK1,A549,0
CDH1,FGFR2,A549,0
ERBB2,KIT,A549,1
ABL1,ERBB2,A549,0
BCL2L12,BIK,A549,0
HK2,MDH1,A549,0
ATM,MLH1,A549,0
DLD,PGK1,A549,0
EGFR,MLH1,A549,0
PBRM1,VEGFA,A549,0
RB1,SMARCB1,A549,0
CDK6,RRM2,A549,0
PBRM1,RUNX1,A549,0
GOT2,PGK2,A549,0
H6PD,PFKM,A549,0
IGF1R,SETD2,A549,0
HK2,ME2,A549,0
CASP8,CDKN1B,A549,0
CDH1,MET,A549,0
UBE2A,UBE2B,A549,0
IGF1R,KIT,A549,0
ADA,MLH1,A549,0
BRCA2,WEE1,A549,0
PFKP,PGD,A549,0
FLT3,RPS6KB1,A549,0
GOT2,LDHAL6B,A549,0
FGFR3,RRM2,A549,0
HDAC1,RRM2,A549,0
EGFR,TSC1,A549,0
BMF,BOK,A549,0
PGD,PGK2,A549,0
AKT1,SETD2,A549,0
PACSIN1,PACSIN2,A549,0
DLAT,ME1,A549,0
CHEK2,DHFR,A549,0
ENO3,PDHX,A549,0
RB1,SETD2,A549,0
HSP90AA1,UBC,A549,0
HK2,PDHB,A549,0
MET,MLH1,A549,0
ARID2,CDK6,A549,0
BBC3,BCL2L11,A549,0
ALDOB,PDHX,A549,0
KIT,VEGFA,A549,0
CHEK1,RPS6KB1,A549,0
GOT1,TKT,A549,0
CDK6,IGF1R,A549,0
BCL2L10,MAP2K1,A549,0
HSP90AA1,MCL1,A549,0
TP53,TSC1,A549,0
ENO3,PGAM2,A549,0
IGF1R,MTOR,A549,0
PDHA1,PGK2,A549,0
PDCD6,PEF1,A549,0
DLAT,LDHB,A549,0
JAK2,KDM6A,A549,0
G6PD,PGAM1,A549,0
BRAF,TYMS,A549,0
GATA3,KDM6A,A549,0
PARP1,SMARCA4,A549,0
EGFR,SMARCB1,A549,0
BCL2L1,MAPK1,A549,0
BRCA2,KDM6A,A549,0
GOT2,PFKM,A549,0
ENO3,TPI1,A549,0
BTK,MET,A549,0
FGFR3,PIK3R1,A549,0
PDGFRA,SMAD4,A549,0
TUBB,TUBB1,A549,0
HDAC1,WEE1,A549,0
KCNA7,KCNC2,A549,0
GOT1,ME1,A549,0
PIK3CA,RB1,A549,0
APC,TP53,A549,0
CDK4,RUNX1,A549,0
CDKN2A,WEE1,A549,0
LDHA,PGD,A549,0
PDHB,TALDO1,A549,0
FLT3,PIK3CA,A549,0
GOT1,PGK1,A549,0
PDHX,PFKP,A549,0
SMARCA4,SMARCB1,A549,0
CDKN2A,FGFR3,A549,0
GATA3,WEE1,A549,0
BRCA2,SETD2,A549,0
ALDOB,PDHB,A549,0
FGFR2,SETD2,A549,0
PDHA1,PDHX,A549,0
CASP8,KIT,A549,0
DLAT,PGK2,A549,0
ENO2,PFKP,A549,0
CDH1,CDK4,A549,0
UBE2E1,UBE2E2,A549,0
CHEK2,ROR1,A549,0
ALDOA,DLAT,A549,0
KDM6A,RRM2,A549,0
LDHB,PFKM,A549,0
BTK,MAP3K1,A549,1
ARID1A,PARP1,A549,0
KIT,RPS6KB1,A549,0
DLAT,PKLR,A549,0
WDR45,WDR45B,A549,0
FNTA,RUNX1,A549,0
CDKN1B,PRKDC,A549,0
CDK9,FGFR2,A549,0
PLXNA1,PLXNB1,A549,0
ALDOA,RPIA,A549,0
BRCA2,GATA3,A549,0
ATM,TYMS,A549,0
RPS6KB1,SGK1,A549,0
ALDOC,PKLR,A549,0
MTOR,UBC,A549,0
MAP2K1,MSH6,A549,0
MTOR,PBRM1,A549,0
FGFR3,KIT,A549,0
BCL2,TYMS,A549,0
RPS6KB1,SETD2,A549,0
ME1,PGAM2,A549,0
BRD4,FGFR3,A549,0
JAK2,WEE1,A549,0
MAP2K1,RPS6KB1,A549,0
CLCN6,CLCN7,A549,0
GNL3,GNL3L,A549,0
JAK2,PIK3R1,A549,0
DLD,PGLS,A549,0
ARID1A,MSH6,A549,0
ENO3,GAPDH,A549,0
IGF1R,SMARCA4,A549,0
ARID2,BRCA2,A549,1
BRD4,CDK6,A549,0
LDHB,ME1,A549,0
ERBB2,PARP1,A549,0
ERBB2,MTOR,A549,0
CDK6,CDKN2A,A549,0
RB1,RPS6KB1,A549,0
BTK,KIT,A549,0
GOT2,LDHC,A549,0
HDAC1,KMT2D,A549,0
PGK1,PKLR,A549,0
ALDOA,PGD,A549,0
GAPDH,LDHC,A549,0
CDK6,CHEK2,A549,0
BCL2L2,HSP90AA1,A549,0
HSP90AA1,MAP3K1,A549,0
HDAC1,PIK3CA,A549,0
SETD2,VEGFA,A549,0
UBE2D3,UBE2E2,A549,0
ABL1,CDKN2A,A549,0
DHFR,SETD2,A549,0
PTEN,RRM2,A549,0
PDHB,RPE,A549,0
ABL1,WEE1,A549,0
BRCA2,BTK,A549,1
ATP11B,ATP8A1,A549,0
ARSA,STS,A549,0
BCL2,KMT2D,A549,0
CDKN2A,PDGFRA,A549,0
ENO3,LDHA,A549,0
CHEK1,MAP2K1,A549,0
ARID2,CDKN2A,A549,1
BRD4,RRM2,A549,0
UBE2V1,UBE2V2,A549,0
MAP2K1,MAP2K2,A549,0
CDK4,PTEN,A549,0
PGAM1,PGD,A549,0
BCL2,CASP8,A549,0
ERBB2,MAP2K1,A549,0
APC,FLT3,A549,1
MDH1,RPE,A549,0
AKT1,SMAD4,A549,1
EGFR,SETD2,A549,0
TRAF4,TRAF5,A549,0
MDH1,ME2,A549,0
MAP2K1,MCL1,A549,0
EGFR,RB1,A549,0
ME1,PDHA1,A549,0
MAP2K1,MAP2K7,A549,0
GAPDH,LDHA,A549,0
MAPK1,UBC,A549,0
CDK9,PBRM1,A549,0
EGFR,GATA3,A549,0
AKT1,CDK9,A549,0
G6PD,PFKP,A549,0
RB1,SMAD4,A549,0
HK2,TPI1,A549,0
GOT2,PFKL,A549,0
ME1,PGAM1,A549,0
BCL2,CDK9,A549,0
FGFR2,MTOR,A549,0
BRAF,ROR1,A549,0
PDHA2,RPE,A549,0
ARID1A,SMAD4,A549,0
PLXNA1,PLXNA3,A549,0
BCL2,VEGFA,A549,0
ENO3,G6PD,A549,0
FGFR3,PRKDC,A549,0
BAD,BIK,A549,0
GOT2,PKM,A549,0
BRCA2,PBRM1,A549,0
CDH1,CDKN2A,A549,0
APOBEC3B,APOBEC3F,A549,0
CHEK2,VHL,A549,0
BCL2,MAP2K2,A549,0
KCNG1,KCNV1,A549,0
PDHX,PFKL,A549,0
MAP3K1,RB1,A549,0
ENO1,PGAM2,A549,0
APOBEC3B,APOBEC3D,A549,0
PARP1,SMO,A549,0
CDK1,CDK2,A549,0
CDH1,CHEK2,A549,0
MSH6,PTEN,A549,0
ABL1,SETD2,A549,0
JAK2,MSH6,A549,0
GAPDH,HK3,A549,0
PGK2,PGLS,A549,0
BCKDHB,PDHB,A549,0
RPE,TKT,A549,0
CHEK1,PIK3CA,A549,0
HK3,PFKM,A549,0
PARP1,PBRM1,A549,0
AKT1,MAP3K1,A549,0
FGFR3,WEE1,A549,0
HDAC1,PARP1,A549,0
STRN,STRN4,A549,0
PARP1,RUNX1,A549,0
ALDOB,PFKP,A549,0
MET,SETD2,A549,0
BRCA2,CDH1,A549,0
ALDOA,GOT2,A549,0
CDH1,HDAC1,A549,0
KIT,TP53,A549,0
ENO3,PGAM1,A549,0
ARID2,FLT3,A549,0
DAPK2,MYLK,A549,0
BRCA2,SMARCA4,A549,0
PTEN,VEGFA,A549,0
FNTA,VEGFA,A549,0
RPS6KB1,SMO,A549,0
FNTA,VHL,A549,0
PGAM1,PGAM4,A549,0
DLD,PGAM1,A549,0
CDKN1B,PARP1,A549,0
GGT1,GGT7,A549,0
MAP2K1,RB1,A549,0
HK3,TKT,A549,0
ATM,CDKN2A,A549,0
RB1,RUNX1,A549,0
APC,ERBB2,A549,1
G6PD,PGD,A549,0
HDAC6,MTOR,A549,0
RRM2,TSC1,A549,0
PIK3CA,SMARCB1,A549,0
CASP6,CASP8,A549,0
CDK10,CDK11A,A549,0
CASP8,SRC,A549,0
MAP3K1,NF1,A549,1
MTOR,PARP2,A549,0
ALK,CDKN2A,A549,0
APC,BRD4,A549,0
CDH1,SMARCB1,A549,0
GAPDH,PGAM1,A549,0
PBRM1,SETD2,A549,0
FBP2,HK2,A549,0
CDKN2A,ERBB2,A549,0
ALDOA,PFKP,A549,0
BCL2L1,UBC,A549,0
ARID2,FGFR2,A549,1
H6PD,PGAM1,A549,0
FGFR3,PIK3CA,A549,0
KMT2D,RRM2,A549,0
IGF1R,TYMS,A549,0
MET,SRC,A549,0
DLD,ENO2,A549,0
ADA,CHEK1,A549,0
PRKDC,SETD2,A549,0
DTX1,DTX4,A549,0
ERBB2,NF1,A549,1
RPS6KB1,RPS6KB2,A549,0
NF1,RRM2,A549,0
MCL1,UBB,A549,0
DLAT,FBP1,A549,0
BRD4,SRC,A549,0
HDAC6,SRC,A549,0
APC,CDKN1B,A549,0
ADA,BRAF,A549,0
GZMA,GZMB,A549,0
F7,F9,A549,0
ADA,ARID1A,A549,0
AKT1,KIT,A549,0
HSP90AA1,MAP2K2,A549,0
PLK1,PLK2,A549,0
FGFR2,HDAC1,A549,0
CHEK2,RPS6KB1,A549,0
ROR1,RUNX1,A549,0
CASP8,TYMS,A549,0
HK1,PDHA1,A549,0
BCL2,FNTA,A549,0
ITGA3,ITGA5,A549,0
MDH2,PDHB,A549,0
FNTA,JAK2,A549,0
BRAF,GATA3,A549,0
KMT2D,RUNX1,A549,0
ALK,CHEK2,A549,0
BCL2A1,WEE1,A549,0
CDK6,KDM6A,A549,0
TSC1,VEGFA,A549,0
FBP2,PDHB,A549,0
TRAF3,TRAF5,A549,0
BRCA2,HDAC1,A549,0
CASP8,SMARCB1,A549,0
LDHC,RPIA,A549,0
DCK,TK2,A549,0
AURKB,PLK4,A549,0
MDH1,ME1,A549,0
HDAC6,RPS6KB1,A549,0
CHEK1,GATA3,A549,0
DHFR,HSP90AA1,A549,0
G6PD,ME2,A549,0
ATP12A,ATP1A1,A549,0
CHEK1,RB1,A549,0
ADA,PTEN,A549,0
CDKN2A,SMARCA4,A549,0
FGFR3,RB1,A549,0
BCL2,KDM6A,A549,0
MAPK1,MTOR,A549,0
CDKN1B,RB1,A549,0
TRIM24,TRIM33,A549,0
RPS6KB1,SRC,A549,0
FBP1,RPIA,A549,0
CTSK,CTSL,A549,0
ALK,MSH6,A549,0
MET,RRM2,A549,0
BCL2L12,BOK,A549,0
MAPK1,MAPK4,A549,0
FGFR2,FGFR4,A549,0
SETD2,VHL,A549,0
EGFR,RPS6KB1,A549,0
APC,JAK2,A549,0
BRAF,CDKN1B,A549,0
H6PD,PGLS,A549,0
MAP3K1,VEGFA,A549,0
CDK4,PARP1,A549,0
ABL1,TP53,A549,0
ALDOC,MDH1,A549,0
ALDOA,MDH2,A549,0
HDAC5,HDAC9,A549,0
KDM6A,MET,A549,0
HSP90AA1,PIK3R1,A549,0
BRAF,PTEN,A549,0
ADAM28,ADAM9,A549,0
APC,PIK3R1,A549,1
MAP2K1,SMAD4,A549,0
DTX1,DTX2,A549,0
CDK6,HSP90AA1,A549,1
ALDOB,PGD,A549,0
BRCA1,HSP90AA1,A549,0
DLAT,GOT2,A549,0
DLD,MDH2,A549,0
MDH1,PGK2,A549,0
KCNB2,KCNS1,A549,0
FNTA,HDAC6,A549,0
ADA,TSC1,A549,0
APC,NF1,A549,1
BAD,BBC3,A549,0
ARID1A,EGFR,A549,0
CDK9,GATA3,A549,0
EGFR,WEE1,A549,0
ACACA,ACACB,A549,0
BRCA2,UBC,A549,0
CORO1A,CORO1B,A549,0
BCL2A1,BCL2L2,A549,0
FNTA,NF1,A549,0
KIT,SMARCA4,A549,0
ALK,PRKDC,A549,0
ADA,WEE1,A549,0
BNIP3L,HRK,A549,0
CDKN2A,PIK3CA,A549,0
FGFR2,ROR1,A549,0
GATA3,RB1,A549,0
CHEK1,SMO,A549,0
KCNG3,KCNG4,A549,0
CDKN1B,KMT2D,A549,0
ERBB2,VHL,A549,0
BCL2L10,UBB,A549,0
BCL2L10,BCL2L2,A549,0
ARID2,RRM2,A549,0
DLAT,PGLS,A549,0
FLT3,MTOR,A549,1
ALK,TYMS,A549,0
LDHA,ME1,A549,0
KIT,PRKDC,A549,0
ARID2,TP53,A549,1
ALDOB,PGK2,A549,0
LDHAL6B,PFKL,A549,0
GATA3,IGF1R,A549,0
ARID2,HSP90AA1,A549,0
ALDOB,PGLS,A549,0
ERBB2,MLH1,A549,1
SETD2,SMARCA4,A549,0
PARP1,UBC,A549,0
KDM6A,MAP3K1,A549,1
FNTA,HSP90AA1,A549,0
DLAT,PGAM1,A549,0
IGF1R,RUNX1,A549,0
G6PD,TKT,A549,0
HK1,PFKM,A549,0
BRCA2,MLH1,A549,0
ADA,RRM2,A549,0
CHEK1,FNTA,A549,0
APC,BTK,A549,1
BTK,KDM6A,A549,0
ABL1,FNTA,A549,0
DLAT,ME2,A549,0
H6PD,ME2,A549,0
AKT2,HSP90AA1,A549,0
ALDOA,TALDO1,A549,0
HK2,PGD,A549,0
MET,RUNX1,A549,0
ENO1,ME1,A549,0
CAMK1D,CAMK1G,A549,0
ADA,AKT1,A549,0
GAPDH,PGAM2,A549,0
FBP2,GAPDH,A549,0
BRD4,PRKDC,A549,0
ATM,FNTA,A549,0
SPOP,SPOPL,A549,0
CHEK1,PTEN,A549,0
CDK4,PBRM1,A549,0
RRM2,TYMS,A549,0
KMT2D,PRKDC,A549,0
ENO3,GOT1,A549,0
NF1,TP53,A549,0
BAX,BIK,A549,0
HRK,PMAIP1,A549,0
KLHL1,KLHL20,A549,0
ARID2,PRKDC,A549,0
BCL2L2,BRCA1,A549,0
PIK3CA,SETD2,A549,0
BRCA1,CHEK1,A549,0
GATA3,SMO,A549,0
H6PD,HK1,A549,0
AKT1,SMARCA4,A549,0
PRKCQ,PRKCZ,A549,0
ALDOA,FBP2,A549,0
BRCA2,NF1,A549,0
MTOR,SETD2,A549,0
ENO1,LDHC,A549,0
RUNX1,TYMS,A549,0
BBC3,BNIP3,A549,0
LONP1,LONP2,A549,0
BCL2L2,MTOR,A549,0
ARID1A,PIK3CA,A549,0
PIK3R1,PTEN,A549,0
ENO1,HK1,A549,0
BRAF,SETD2,A549,0
HK3,PGAM2,A549,0
BTK,MLH1,A549,1
PGLS,TALDO1,A549,0
STRN3,STRN4,A549,0
UBE2D4,UBE2E1,A549,0
RIOK1,RIOK3,A549,0
UBE2NL,UBE2S,A549,0
ARID2,HDAC1,A549,0
KDM6A,MLH1,A549,0
ARID1A,FGFR3,A549,0
PTEN,VHL,A549,0
CHEK2,HSP90AA1,A549,0
PARP1,PARP3,A549,0
PTEN,SMARCB1,A549,0
FGFR3,SMAD4,A549,0
UBE2D2,UBE2L3,A549,0
BTK,CDH1,A549,0
CFL1,DSTN,A549,0
CDK6,PBRM1,A549,1
ENO2,PGAM2,A549,0
ALDOC,PDHB,A549,0
PARP2,UBB,A549,0
FGFR2,PDGFRA,A549,0
ALK,PIK3R1,A549,0
FLT3,PIK3R1,A549,0
MAPK3,MTOR,A549,0
CDK4,MLH1,A549,0
FGFR3,SETD2,A549,0
FNTA,HDAC1,A549,0
CDK9,CDKN2A,A549,0
H6PD,PFKP,A549,0
PGK1,PGK2,A549,0
PMPCB,UQCRC1,A549,0
HSP90AA1,IGF1R,A549,0
GGT1,GGT5,A549,0
ABL1,BTK,A549,1
PDGFRA,PDGFRB,A549,0
FNTA,SMAD4,A549,0
AKT2,BCL2L2,A549,0
KDM6A,MTOR,A549,0
BRCA2,JAK2,A549,0
GATA3,MAP3K1,A549,1
CHEK1,KMT2D,A549,0
KMT2D,SMO,A549,0
KIT,VHL,A549,0
BCL2L2,BRCA2,A549,0
ATM,CASP8,A549,0
PDHA1,PFKL,A549,0
PDHB,PGD,A549,0
FBP2,RPE,A549,0
GPT,GPT2,A549,0
FGFR3,HSP90AA1,A549,0
HSP90AA1,SMARCB1,A549,0
UHRF1,UHRF2,A549,0
ARHGEF10,ARHGEF10L,A549,0
AKT2,MAPK3,A549,0
PDHA2,PDHX,A549,0
DLD,RPE,A549,0
ME1,PDHX,A549,0
CDH1,PBRM1,A549,0
H6PD,PGK2,A549,0
ARID2,KDM6A,A549,0
STRN,STRN3,A549,0
H6PD,RPE,A549,0
DLAT,HK1,A549,0
KMT2D,TYMS,A549,0
FGFR3,MAP2K1,A549,0
CCT6A,CCT6B,A549,0
BCL2L2,MAPK1,A549,0
ALDOC,RPIA,A549,0
KIT,PIK3R1,A549,0
MFGE8,NRP1,A549,0
EGFR,MET,A549,0
CTSE,REN,A549,0
GOT2,PGK1,A549,0
GATA3,HDAC6,A549,0
IGF1R,PARP1,A549,0
ENO1,PGK1,A549,0
IGF1R,PTEN,A549,0
KDM6A,RB1,A549,0
PFKP,PKLR,A549,0
MAP3K1,PIK3CA,A549,0
BRCA2,SMARCB1,A549,0
MET,PDGFRA,A549,0
FNTA,TSC1,A549,0
MET,MTOR,A549,0
ABL1,FLT3,A549,0
CDKN2A,TP53,A549,0
CASP8,DHFR,A549,0
HDAC4,HDAC5,A549,0
BTK,WEE1,A549,1
BTK,SMO,A549,0
BRAF,PBRM1,A549,0
NF1,SMAD4,A549,0
LDHAL6B,LDHC,A549,0
BRAF,MAP3K1,A549,1
AKT2,MAP2K2,A549,0
FBP1,PGLS,A549,0
ARID1A,ERBB2,A549,1
JAK2,PARP1,A549,0
ENO1,PFKL,A549,0
FGFR3,FGFR4,A549,0
DPP7,PRCP,A549,0
LDHAL6B,PGD,A549,0
DHFR,PARP1,A549,0
HK1,LDHC,A549,0
ATM,SMAD4,A549,0
ME1,PGK1,A549,0
FNTA,KMT2D,A549,0
ABL1,PIK3CA,A549,0
BCL2L1,PARP1,A549,0
BRAF,MET,A549,0
MDH2,PKLR,A549,0
GAPDHS,HK3,A549,0
GAPDHS,GOT2,A549,0
CDK9,RB1,A549,0
BBC3,PMAIP1,A549,0
BCL2,PARP2,A549,0
GAPDH,HK2,A549,0
PFKL,PGD,A549,0
CDK9,VEGFA,A549,0
ALK,ARID1A,A549,0
ADA,BTK,A549,1
PBRM1,PIK3CA,A549,0
ATM,FGFR2,A549,0
CDK6,JAK2,A549,0
LPIN1,LPIN3,A549,0
HSP90AA1,SRC,A549,0
CUL1,CUL2,A549,0
APC,SMO,A549,1
TYMS,VEGFA,A549,0
ALDOA,PDHX,A549,0
ALDOB,GAPDH,A549,0
GOT1,PGAM1,A549,0
MTOR,PIK3R1,A549,1
PFKP,PGLS,A549,0
IGF1R,RB1,A549,0
MAPK3,MAPK4,A549,0
BRCA1,MTOR,A549,0
BRCA1,BRCA2,A549,0
AICDA,APOBEC3F,A549,0
HSP90AA1,RB1,A549,0
KDM6A,TYMS,A549,0
AICDA,APOBEC3D,A549,0
BRD4,HDAC1,A549,0
CDK4,ROR1,A549,0
PFKL,PGK1,A549,0
DLD,GAPDH,A549,0
MTOR,WEE1,A549,0
G6PD,H6PD,A549,0
ME1,ME3,A549,0
BCL2L1,MAP2K1,A549,0
GATA3,MTOR,A549,1
PTEN,TYMS,A549,0
DHFR,ERBB2,A549,0
ERBB2,PIK3CA,A549,0
ARID2,PBRM1,A549,0
BTK,FLT3,A549,0
RPS6KB1,VHL,A549,0
GATA3,PIK3R1,A549,0
BIRC2,BIRC3,A549,0
MAP3K1,MLH1,A549,1
CASP8,PRKDC,A549,0
GAPDHS,TALDO1,A549,0
ADA,TP53,A549,0
UBE2D1,UBE2D2,A549,0
ATP6V1B1,ATP6V1B2,A549,0
ATM,BRAF,A549,0
ATP6V0D1,ATP6V0D2,A549,0
NF1,TYMS,A549,0
ALDOB,ENO1,A549,0
PDHA1,PKM,A549,0
BRAF,VEGFA,A549,0
JAK2,TSC1,A549,0
CDK6,SRC,A549,0
G6PD,LDHC,A549,0
PARP1,PIK3CA,A549,0
ERBB2,RB1,A549,1
DLD,RPIA,A549,0
CDK9,CHEK1,A549,0
KDM6A,TP53,A549,0
CHEK2,MAP2K1,A549,0
FGFR3,VHL,A549,0
KCNF1,KCNV1,A549,0
LDHC,RPE,A549,0
LDHC,PDHA1,A549,0
BAX,BOK,A549,0
ALK,SMARCB1,A549,0
ATM,CDK6,A549,0
JAK2,PTEN,A549,0
ALDOA,MDH1,A549,0
ALDOA,PGK2,A549,0
FBP2,PDHA2,A549,0
BUB3,RAE1,A549,0
ARID1A,IGF1R,A549,0
ENO1,LDHAL6B,A549,0
LDHAL6B,PGAM1,A549,0
FGFR2,VHL,A549,0
BID,BMF,A549,0
BRD4,HSP90AA1,A549,0
BCL2,PRKDC,A549,0
PDHA1,PGAM1,A549,0
ARF4,ARF5,A549,0
KLHL12,KLHL20,A549,0
ARID1A,PTEN,A549,0
KCNV1,KCNV2,A549,0
ATM,PDGFRA,A549,0
FGFR3,VEGFA,A549,0
ALDOA,TPI1,A549,0
DLD,HK2,A549,0
HK3,MDH1,A549,0
NF1,ROR1,A549,0
FLT3,RRM2,A549,0
ADA,SMO,A549,0
CHEK1,TSC1,A549,0
BBC3,BID,A549,0
BCL2,BCL2L2,A549,0
BCL2L12,HRK,A549,0
ARID1A,KIT,A549,0
GATA3,MSH6,A549,0
CDKN1B,CDKN2A,A549,0
DLD,PDHB,A549,0
CDH1,IGF1R,A549,0
KCNC2,KCNC3,A549,0
CHEK2,PRKDC,A549,0
ATM,BTK,A549,0
ATP2B2,ATP2B4,A549,0
BRD4,SMO,A549,0
ALDOB,RPE,A549,0
KCNA1,KCNC3,A549,0
MDH2,TPI1,A549,0
DHFR,TP53,A549,0
APC,BRAF,A549,1
CDH1,NF1,A549,0
ENO2,GOT2,A549,0
BCL2,SMARCA4,A549,0
FGFR2,MSH6,A549,0
EGFR,PTEN,A549,0
PDHB,PDHX,A549,0
BCL2,FGFR2,A549,0
GZMA,GZMM,A549,0
PRKDC,TP53,A549,0
ARID2,VHL,A549,0
CDH1,GATA3,A549,0
ALK,VEGFA,A549,0
ALDOA,GAPDHS,A549,0
RUNX1,SMO,A549,0
ALK,MAP3K1,A549,1
PKLR,TKT,A549,0
GOT1,HK3,A549,0
BTK,PBRM1,A549,1
FGFR2,RUNX1,A549,0
ALDOC,TPI1,A549,0
FBP1,GAPDH,A549,0
RNASE2,RNASE3,A549,0
MAP2K1,VEGFA,A549,0
BCL2,HSP90AA1,A549,0
HSP90AA1,MAP2K1,A549,0
ADA,RB1,A549,0
ATM,KDM6A,A549,0
AKT1,CDK4,A549,0
PRKDC,SMARCB1,A549,1
SETD2,TYMS,A549,0
CDK6,PIK3CA,A549,0
CDH1,FGFR3,A549,0
BTK,MTOR,A549,0
FLT3,ROR1,A549,0
PFKM,PGAM2,A549,0
PDHB,RPIA,A549,0
MSH6,RB1,A549,0
ADA,CDH1,A549,0
AKT2,RPS6KB1,A549,0
MAPK1,PARP2,A549,0
HSP90AA1,PARP2,A549,0
LCK,YES1,A549,0
UBE2Q1,UBE2Q2,A549,0
CHEK2,IGF1R,A549,0
MAP3K1,WEE1,A549,0
DHFR,SRC,A549,0
ADA,KDM6A,A549,0
KCNA1,KCND1,A549,0
BTK,PIK3CA,A549,0
MDH2,TALDO1,A549,0
HSP90AA1,PDGFRA,A549,0
HDAC1,RPS6KB1,A549,0
TRIM28,TRIM33,A549,0
YWHAG,YWHAZ,A549,0
ATM,DHFR,A549,0
AKT1,ROR1,A549,0
PDHA1,PDHB,A549,0
ERBB2,SMARCB1,A549,0
LDHC,PGK2,A549,0
HDAC1,TP53,A549,0
G6PD,ME1,A549,0
GATA3,RRM2,A549,0
ADA,CDK6,A549,0
ATM,SRC,A549,0
BRCA2,CDKN1B,A549,0
CASP8,CDH1,A549,0
BCL2,BRCA2,A549,0
ENO3,PDHB,A549,0
ALDOA,ENO2,A549,0
CHEK1,MSH6,A549,0
BCL2L2,WEE1,A549,0
KIT,MET,A549,0
ADA,FLT3,A549,0
FBP2,ME2,A549,0
HK3,RPE,A549,0
GATA3,ROR1,A549,0
CCL18,CCL3,A549,0
BCL2L11,BID,A549,0
MAP2K1,MAPK1,A549,0
ARHGEF1,ARHGEF3,A549,0
GOT2,TKT,A549,0
BRAF,CDKN2A,A549,0
PIK3R1,RB1,A549,0
BRCA2,FLT3,A549,0
SMARCA4,SRC,A549,0
MSH6,SMARCA4,A549,0
ALDOA,ALDOC,A549,0
ATP1A1,ATP1A2,A549,0
BRCA2,PTEN,A549,0
KCNH2,KCNH5,A549,0
BCL2,WEE1,A549,0
ALK,RUNX1,A549,0
ALDOB,HK2,A549,0
FBP1,MDH1,A549,0
BRCA1,MAP2K1,A549,0
PARP1,VEGFA,A549,0
DLD,PKLR,A549,0
ARID1A,HDAC1,A549,0
PARP1,RB1,A549,0
CHEK1,VEGFA,A549,0
CASP8,FLT3,A549,0
BCL2L12,BNIP3,A549,0
ME2,PKLR,A549,0
ALDOC,GAPDH,A549,0
FBP2,PGK2,A549,0
AKT1,WEE1,A549,0
HK1,TPI1,A549,0
BCL2L10,MAP2K2,A549,0
AKT1,BCL2L10,A549,0
PDHA1,PGLS,A549,0
ENO1,LDHA,A549,0
MDH2,RPIA,A549,0
CTSD,PGC,A549,0
TALDO1,TKT,A549,0
HSP90AA1,RUNX1,A549,0
MTOR,RRM2,A549,1
FLT3,TP53,A549,0
HK1,LDHB,A549,0
CDH1,RRM2,A549,0
ATP12A,ATP4A,A549,0
CFD,GZMH,A549,0
GAPDH,PDHA1,A549,0
BIK,BMF,A549,0
HSP90AA1,RPS6KB1,A549,0
ALDOA,PGLS,A549,0
PIK3R1,SMAD4,A549,0
HDAC1,TSC1,A549,0
ALK,FLT3,A549,0
BAD,BCL2L14,A549,0
MDH2,PDHX,A549,0
BBC3,HRK,A549,0
ABL1,PTEN,A549,0
BAK1,HRK,A549,0
SMARCA4,TP53,A549,0
CASP8,SMARCA4,A549,0
EGFR,TYMS,A549,1
GOT1,LDHB,A549,0
G6PD,GAPDHS,A549,0
BRAF,MSH6,A549,0
BRCA2,PRKDC,A549,0
CASP8,RRM2,A549,0
MTHFD2,MTHFD2L,A549,0
ARID2,CDH1,A549,1
ARID1A,SETD2,A549,0
ENO1,TPI1,A549,0
ATP6V1C1,ATP6V1C2,A549,0
ENO2,FBP1,A549,0
GATA3,SMARCB1,A549,0
FBP2,PGAM2,A549,0
BTK,PTEN,A549,0
ADAMTS14,ADAMTS3,A549,0
POLR2A,POLR3A,A549,0
CDKN2A,CHEK1,A549,1
PDHA2,PGK2,A549,0
ALDOC,PGK1,A549,0
MAPK10,MAPK12,A549,0
FGFR2,PBRM1,A549,0
GOT2,HK2,A549,0
CDK6,VEGFA,A549,0
FGFR2,FNTA,A549,0
ARID1A,KMT2D,A549,0
CHEK1,SMARCB1,A549,0
KDM6A,KIT,A549,0
KCNG4,KCNS1,A549,0
PKM,TALDO1,A549,0
CDK9,PTEN,A549,0
FNTA,SRC,A549,0
LDHC,ME1,A549,0
AKT1,ARID2,A549,0
CHEK1,CHEK2,A549,0
GAPDHS,PFKM,A549,0
FGFR3,PDGFRA,A549,0
SCAMP1,SCAMP3,A549,0
LDHA,PKLR,A549,0
ADA,SETD2,A549,0
KIT,RUNX1,A549,0
HDAC6,SMAD4,A549,0
HK1,RPIA,A549,0
PSEN1,PSEN2,A549,0
MAP2K2,UBB,A549,0
PGLS,TKT,A549,0
BCL2,MTOR,A549,0
CHEK1,MTOR,A549,0
PIK3R1,RRM2,A549,0
EGFR,SMO,A549,0
CDK4,RB1,A549,0
KLK4,PRSS3,A549,0
GAPDHS,PKM,A549,0
PDGFRA,PIK3R1,A549,0
APC,MAP3K1,A549,1
HNRNPC,RALYL,A549,0
ENO2,RPE,A549,0
HDAC6,RUNX1,A549,0
AKT1,SMARCB1,A549,0
RFFL,RNF34,A549,0
KDM6A,PRKDC,A549,0
CHEK1,MAPK3,A549,0
CHEK1,PRKDC,A549,0
ARSA,GALNS,A549,0
CDKN2A,RPS6KB1,A549,1
PKM,TPI1,A549,0
PDHX,PGK1,A549,0
GAPDHS,MDH1,A549,0
FBP1,ME1,A549,0
RPS6KB1,TYMS,A549,0
HDAC6,PRKDC,A549,0
ADA,MET,A549,0
ALDOB,ME2,A549,0
MAP3K1,MTOR,A549,0
JAK2,ROR1,A549,0
FNTA,PIK3R1,A549,0
AKT1,DHFR,A549,0
CDKN2A,TSC1,A549,0
PFKL,PKLR,A549,0
LDHA,PFKM,A549,0
ALDOB,PKM,A549,0
ERBB2,VEGFA,A549,0
HK1,LDHAL6B,A549,0
FLT3,HDAC6,A549,0
LDHB,PDHB,A549,0
PBRM1,VHL,A549,0
ABL1,ATM,A549,0
GAPDHS,PDHX,A549,0
GOT2,MDH1,A549,0
ALDOB,PGAM2,A549,0
BCL2,MSH6,A549,0
HK2,HKDC1,A549,0
CDK10,CDK11B,A549,0
JAK2,TYMS,A549,0
CDK9,CHEK2,A549,0
MDH1,PGLS,A549,0
PACSIN1,PACSIN3,A549,0
CASP1,CASP4,A549,0
BCL2,RB1,A549,0
ENO3,PFKL,A549,0
BCL2L10,UBC,A549,0
PRKDC,PTEN,A549,0
GATA3,MLH1,A549,0
LDHC,PGAM2,A549,0
AKT1,ATM,A549,0
KCNS1,KCNS3,A549,0
HDAC1,MTOR,A549,1
ME2,PDHB,A549,0
PGAM2,PGK1,A549,0
ME1,PFKL,A549,0
PFKP,TKT,A549,0
NCOA1,NCOA2,A549,0
ARID1A,CDK4,A549,0
BIK,BOK,A549,0
MAP2K1,TSC1,A549,0
DLD,ME1,A549,0
FGFR2,WEE1,A549,0
BCL2A1,PARP2,A549,0
CDKN1B,MAP2K1,A549,0
FGFR2,HSP90AA1,A549,0
HK3,ME1,A549,0
GAPDHS,RPIA,A549,0
BCL2L12,BCL2L14,A549,0
KDM6A,PBRM1,A549,0
ARID1A,ROR1,A549,0
CHEK2,UBC,A549,0
PTEN,SMAD4,A549,0
ARID2,CDK9,A549,1
RB1,TYMS,A549,0
CASP8,CDK9,A549,0
BRAF,RRM2,A549,0
EGFR,KIT,A549,0
MAP2K2,MAP2K7,A549,0
FBP2,TALDO1,A549,0
GATA3,PARP1,A549,0
PRPS1L1,PRPSAP1,A549,0
CHEK1,SMARCA4,A549,0
LDHAL6B,TKT,A549,0
CDK9,SMARCB1,A549,0
PRKDC,TYMS,A549,1
ABL1,JAK2,A549,0
PTEN,TP53,A549,0
ARID1A,CASP8,A549,0
ATP1A3,ATP4A,A549,0
ADA,SMARCA4,A549,0
GAPDH,PKLR,A549,0
MDH1,PGAM1,A549,0
MDH2,PDHA2,A549,0
BCL2,BCL2L1,A549,0
CDK6,SMARCB1,A549,0
MTOR,SMARCB1,A549,0
ACAA2,ACAT2,A549,0
PKLR,RPIA,A549,0
GZMB,GZMM,A549,0
JAK2,RUNX1,A549,0
GOT2,PDHA1,A549,0
IGF1R,VHL,A549,0
PIK3CA,SRC,A549,0
NF1,SMARCB1,A549,0
FNTA,MAP3K1,A549,0
ALDOC,FBP1,A549,0
BCL2L2,MAP2K1,A549,0
BRAF,PRKDC,A549,0
BCL2L14,BNIP3,A549,0
ATM,ROR1,A549,0
HDAC6,MLH1,A549,0
PRKDC,SMO,A549,0
APC,DHFR,A549,1
GAPDH,PDHB,A549,0
FGFR2,MAP3K1,A549,0
AURKC,PLK4,A549,0
PGAM1,PGAM2,A549,0
ALK,SMARCA4,A549,0
ILF3,STRBP,A549,0
HK3,PKLR,A549,0
CDH1,HSP90AA1,A549,0
CDK6,ROR1,A549,0
CHUK,IKBKB,A549,0
BID,BIK,A549,0
HK3,PGD,A549,0
GALNS,STS,A549,0
CDK4,NF1,A549,0
CFD,GZMM,A549,0
PGK1,RPIA,A549,0
ALK,HDAC6,A549,0
CDK6,RPS6KB1,A549,0
ALDOC,LDHA,A549,0
HDAC6,SETD2,A549,0
CASP8,PIK3CA,A549,0
BCL2L14,BMF,A549,0
CHEK2,KDM6A,A549,0
HDAC6,TSC1,A549,0
KCNG1,KCNG4,A549,0
ENO2,PKLR,A549,0
SMO,VEGFA,A549,0
CALM2,CALM3,A549,0
MLH1,PDGFRA,A549,0
DHFR,JAK2,A549,0
BRCA2,MTOR,A549,1
NF1,PBRM1,A549,0
CCND2,CCND3,A549,0
CDK4,MAP3K1,A549,0
PDGFRA,SMO,A549,0
BRCA2,HSP90AA1,A549,0
CDKN1B,CHEK1,A549,0
KIT,PDGFRB,A549,0
CUL3,CUL4B,A549,0
BCL2L1,UBB,A549,0
CHEK2,HDAC1,A549,0
KCNN3,KCNN4,A549,0
MAP2K1,RUNX1,A549,0
DLAT,PFKP,A549,0
BRCA2,HDAC6,A549,0
GAPDH,LDHAL6B,A549,0
CDK6,MTOR,A549,0
DLAT,PGAM2,A549,0
HSPA12A,HSPA12B,A549,0
LDHAL6B,LDHB,A549,0
ATM,FLT3,A549,0
PLXNA3,PLXNB1,A549,0
ABL1,VHL,A549,0
MAP3K1,ROR1,A549,0
ERBB2,JAK2,A549,0
BRAF,CHEK2,A549,0
DLD,FBP2,A549,0
ARID2,WEE1,A549,0
HK3,HKDC1,A549,0
AKT1,CHEK1,A549,0
ERBB2,PRKDC,A549,0
MSH6,PDGFRA,A549,0
ALDOC,MDH2,A549,0
PIK3CA,RRM2,A549,0
MDH2,PKM,A549,0
FBP2,LDHC,A549,0
FLT3,MET,A549,0
AKT1,MAP2K1,A549,0
FLT3,MSH6,A549,0
BCL2A1,MAP2K1,A549,0
PDHB,TKT,A549,0
APC,SRC,A549,0
ALK,FNTA,A549,0
ADA,HSP90AA1,A549,0
MAP3K1,TYMS,A549,0
ME2,TALDO1,A549,0
HDAC1,KDM6A,A549,0
CHEK1,MLH1,A549,0
CASP8,IGF1R,A549,0
KIT,PBRM1,A549,0
MAP3K1,RUNX1,A549,1
DLD,LDHC,A549,0
ARID2,VEGFA,A549,0
H6PD,PKLR,A549,0
DAPK2,STK17A,A549,0
BAK1,BCL2L14,A549,0
UBE2D3,UBE2D4,A549,0
CASP8,GATA3,A549,0
CDK6,ERBB2,A549,1
GATA3,NF1,A549,0
MDH2,ME1,A549,0
HDAC6,RRM2,A549,0
ME2,PFKP,A549,0
ADA,FGFR2,A549,0
ATM,PARP1,A549,0
BCL2L1,MCL1,A549,0
APC,PDGFRA,A549,1
CTSD,REN,A549,0
DAPK1,STK17A,A549,0
RB1,TP53,A549,0
BCL2,BRCA1,A549,0
ENO2,PDHA1,A549,0
PIK3R1,SMARCB1,A549,0
GOT1,PDHX,A549,0
CDH1,MLH1,A549,0
PSMB10,PSMB7,A549,0
ERBB2,RRM2,A549,1
MAP2K1,MAP3K1,A549,0
BCL2L2,UBC,A549,0
FBP2,LDHB,A549,0
MTOR,PDGFRA,A549,0
CDK4,CHEK2,A549,0
PLCB2,PLCB4,A549,0
BRCA1,UBC,A549,0
MLH1,TYMS,A549,0
ARID2,IGF1R,A549,0
ALDOC,ME1,A549,0
PLXNA1,PLXNA4,A549,0
ATP2B1,ATP2B3,A549,0
MSH6,PARP1,A549,0
NME5,NME6,A549,0
PARP1,VHL,A549,0
ADA,RPS6KB1,A549,0
PFKL,RPIA,A549,0
ALDOC,GOT1,A549,0
HDAC1,MAP3K1,A549,0
UBE2N,UBE2NL,A549,0
IGF1R,KDM6A,A549,0
FGFR2,KDM6A,A549,0
PRKDC,RB1,A549,0
FGFR3,SMARCA4,A549,1
ALDOC,PGAM1,A549,0
HDAC6,VEGFA,A549,0
CASP8,VEGFA,A549,0
EPHA1,EPHA4,A549,0
GZMA,GZMH,A549,0
BAK1,BOK,A549,0
HDAC6,PDGFRA,A549,0
AKT2,SGK1,A549,0
BCL2,TSC1,A549,0
FBP1,ME2,A549,0
BCL2,SMAD4,A549,0
HSP90AA1,SMARCA4,A549,0
APC,PRKDC,A549,0
BRD4,JAK2,A549,0
GOT1,MDH1,A549,0
CHEK2,MAP2K2,A549,0
H6PD,MDH1,A549,0
PTEN,RUNX1,A549,0
G6PD,PGK1,A549,0
SIRT6,SIRT7,A549,0
ALDOB,PFKL,A549,0
BTK,EGFR,A549,1
GATA3,VHL,A549,0
BRAF,BRD4,A549,0
DHFR,PRKDC,A549,0
G6PD,PDHA2,A549,0
ALK,WEE1,A549,0
ENO3,LDHB,A549,0
PDHB,PKLR,A549,0
DLD,PFKM,A549,0
CHEK2,PIK3R1,A549,0
HDAC6,MAP2K1,A549,0
GATA3,VEGFA,A549,0
CKS1B,CKS2,A549,0
PFKP,RPIA,A549,0
GOT1,PGAM2,A549,0
PSMB11,PSMB8,A549,0
CHEK2,VEGFA,A549,0
PIK3R1,WEE1,A549,0
BNIP3L,PMAIP1,A549,0
ENO3,PGD,A549,0
ATM,CDH1,A549,0
ME1,PGD,A549,0
ENO1,GAPDHS,A549,0
CDH1,ROR1,A549,0
DLD,GAPDHS,A549,0
GOT2,LDHB,A549,0
PIK3CA,TSC1,A549,0
CDK9,KMT2D,A549,0
DLD,PFKL,A549,0
PFKM,TKT,A549,0
SLK,STK24,A549,0
ASMT,ASMTL,A549,0
FGFR2,IGF1R,A549,0
BRAF,TP53,A549,0
KMT2D,SMARCB1,A549,0
PPP2R2B,PPP2R2C,A549,0
DHFR,FGFR3,A549,0
BRAF,FGFR3,A549,0
DLAT,PGK1,A549,0
MAP3K1,RPS6KB1,A549,0
CHEK1,VHL,A549,0
SULT1E1,SULT2B1,A549,0
G6PD,HK1,A549,0
BCL2L1,BRCA2,A549,0
CDKN2A,PRKDC,A549,0
AKT1,MCL1,A549,0
HDAC6,KDM6A,A549,0
PIK3CA,PRKDC,A549,0
LDHC,PGD,A549,0
EGFR,PIK3R1,A549,0
CDKN1B,FGFR3,A549,0
RPS6KB1,WEE1,A549,0
FNTA,RRM2,A549,0
ENO3,PGK2,A549,0
LDHA,PGK2,A549,0
DLAT,RPIA,A549,0
PFKL,RPE,A549,0
SMARCB1,VEGFA,A549,0
CDH1,DHFR,A549,0
HDAC1,SMARCA4,A549,0
KCNA3,KCNC4,A549,0
DHFR,MAP2K1,A549,0
PDHX,RPIA,A549,0
PGD,RPIA,A549,0
DLAT,DLD,A549,0
GAPDH,PDHX,A549,0
BCL2L1,MAPK3,A549,0
HK2,PGAM2,A549,0
KMT2D,RB1,A549,0
CSNK1A1L,TTBK2,A549,0
ABL1,NF1,A549,0
CDK4,JAK2,A549,0
JAK2,NF1,A549,0
BIRC2,XIAP,A549,0
ENO1,PFKM,A549,0
BCL2,MET,A549,0
BTK,SMARCA4,A549,1
JAK2,MET,A549,0
FBP1,PFKM,A549,0
PBRM1,SMO,A549,0
ATM,NF1,A549,0
FBP1,TALDO1,A549,0
FLT3,VEGFA,A549,0
ATM,SMARCB1,A549,0
HSP90AA1,UBB,A549,0
ENO3,PDHA2,A549,0
BMF,BNIP3L,A549,0
AKT2,MAP2K1,A549,0
AKT2,PARP1,A549,0
ATP6V1G2,ATP6V1G3,A549,0
ERBB2,HDAC6,A549,1
FGFR3,MET,A549,0
KCNH1,KCNH5,A549,0
CDK12,CDK9,A549,0
CHEK1,HDAC6,A549,0
PFKP,TPI1,A549,0
DLAT,MDH1,A549,0
PSMA7,PSMA8,A549,0
GAPDHS,PGAM1,A549,0
MSH6,RPS6KB1,A549,0
CDKN2A,SMAD4,A549,0
FNTA,GATA3,A549,0
ABL1,FGFR3,A549,0
TUBB,TUBB2A,A549,0
ALK,PTEN,A549,0
PARP1,RPS6KB1,A549,0
ROR1,VHL,A549,0
ACAT1,ACAT2,A549,0
UBE2N,UBE2T,A549,0
BTK,CHEK1,A549,1
CDK9,MTOR,A549,0
BRAF,PDGFRA,A549,0
H6PD,PDHB,A549,0
DLAT,TALDO1,A549,0
GOT1,TPI1,A549,0
CDKN2A,HDAC1,A549,0
PLXNA1,PLXNA2,A549,0
LDHC,UEVLD,A549,0
PHC1,PHC3,A549,0
LDHC,TALDO1,A549,0
ME2,PGK1,A549,0
CDH1,HDAC6,A549,0
ALK,TSC1,A549,0
FNTA,MTOR,A549,0
ALK,SETD2,A549,0
CDK6,TYMS,A549,0
ME2,PFKL,A549,0
KCNG1,KCNS1,A549,0
FGFR2,PIK3CA,A549,0
ATM,SMO,A549,0
PDHA2,RPIA,A549,0
AKT1,MLH1,A549,0
CALM2,TNNC1,A549,0
PFKL,TALDO1,A549,0
GATA3,SMAD4,A549,0
GOT1,TALDO1,A549,0
MLH1,VEGFA,A549,0
ALK,RRM2,A549,0
BCL2,ERBB2,A549,0
AURKA,AURKB,A549,0
PIK3R1,SRC,A549,0
MLH1,PARP1,A549,0
ARID2,PIK3R1,A549,1
CDK6,HDAC6,A549,0
LDHAL6B,MDH2,A549,0
LDHAL6B,PKM,A549,0
KCNA7,KCND3,A549,0
KDM6A,SMO,A549,0
APC,SMARCA4,A549,0
PARP1,PDGFRA,A549,0
CALM2,CALML3,A549,0
HSP90AA1,PTEN,A549,0
CDH1,CDK6,A549,0
ME2,TKT,A549,0
LDHB,MDH1,A549,0
JAK2,KIT,A549,0
ALDOB,ME1,A549,0
BIRC2,BIRC7,A549,0
ALDOA,LDHB,A549,0
BRD4,KMT2D,A549,0
PGAM2,RPIA,A549,0
PGLS,TPI1,A549,0
ENO3,H6PD,A549,0
BCL2L10,HSP90AA1,A549,0
NF1,SRC,A549,0
ALDOC,ENO3,A549,0
ME2,PDHA1,A549,0
GAPDHS,LDHB,A549,0
GZMB,GZMH,A549,0
DLAT,ENO2,A549,0
CDK2,CDK3,A549,0
AKT1,PBRM1,A549,0
ALDOA,HK2,A549,0
CDK9,RUNX1,A549,0
ENO1,TALDO1,A549,0
MAP3K1,PBRM1,A549,0
ALDOC,LDHAL6B,A549,0
HDAC1,SRC,A549,0
ARID1A,KDM6A,A549,0
AKT2,BCL2,A549,0
DLD,LDHAL6B,A549,0
NUDT11,NUDT4,A549,0
BCL2L2,MAPK3,A549,0
RRM2,SMARCB1,A549,0
PARP1,SRC,A549,0
BRD4,PARP1,A549,0
APC,VEGFA,A549,1
BRAF,FLT3,A549,0
BRCA2,PARP2,A549,0
GAPDHS,PDHA2,A549,0
ALK,APC,A549,1
AKT1,MSH6,A549,0
G6PD,PGAM2,A549,0
CDK4,SMAD4,A549,0
PDHA2,PGK1,A549,0
CDK4,SMARCA4,A549,0
KCNS3,KCNV1,A549,0
ALDOB,FBP2,A549,0
SYK,ZAP70,A549,0
PBRM1,SRC,A549,0
RUNX1,SETD2,A549,0
MAP3K1,PDGFRA,A549,0
PTEN,SRC,A549,0
CHEK2,MET,A549,0
LDHB,PGD,A549,0
BOK,PMAIP1,A549,0
CDK9,CDKN1B,A549,0
LDHB,PDHA2,A549,0
ALK,BCL2,A549,0
CDKN1B,RRM2,A549,0
ABL1,CHEK1,A549,0
AKT1,CDH1,A549,0
BRD4,CHEK1,A549,0
KMT2D,MET,A549,0
AKT2,MTOR,A549,0
IGF1R,VEGFA,A549,0
FGFR3,RPS6KB1,A549,0
CDKN1B,HDAC6,A549,0
PBRM1,TYMS,A549,0
MAP2K2,PARP2,A549,0
FKBP1A,FKBP3,A549,0
BCL2A1,MAPK1,A549,0
KDM6A,PTEN,A549,0
HK3,MDH2,A549,0
FLT3,FNTA,A549,0
ALK,SMAD4,A549,0
MARK3,SIK3,A549,0
EGFR,IGF1R,A549,0
BRD4,DHFR,A549,0
BCL2L2,CHEK2,A549,0
MDH1,PDHA2,A549,0
ATP1A1,ATP4A,A549,0
ERBB2,KMT2D,A549,1
CTSG,GZMH,A549,0
BRD4,CASP8,A549,0
BBC3,BCL2L12,A549,0
BTK,MAP2K1,A549,0
CASP8,FGFR2,A549,0
ALDOA,GOT1,A549,0
ARID1A,CDKN2A,A549,0
BRD4,FGFR2,A549,0
ENO2,PDHX,A549,0
ABR,BCR,A549,0
BRCA2,RRM2,A549,0
FBP1,PGK2,A549,0
KMT2D,PIK3R1,A549,0
CDKN2A,HDAC6,A549,0
IGF1R,TP53,A549,0
MCL1,UBC,A549,0
ALK,ERBB2,A549,0
KCNA1,KCNA7,A549,0
RUNX1,TP53,A549,0
SENP3,SENP5,A549,0
GATA3,RUNX1,A549,0
CDK9,FLT3,A549,0
PTEN,SETD2,A549,0
ALK,NF1,A549,0
EGFR,FGFR3,A549,0
CDKN1B,SMARCA4,A549,0
HK2,PKM,A549,0
CDK9,ROR1,A549,0
FGFR3,PBRM1,A549,0
ABL1,RUNX1,A549,0
ME2,PGLS,A549,0
APC,TYMS,A549,0
APC,SMAD4,A549,0
CHEK2,RB1,A549,0
BMF,PMAIP1,A549,0
BRCA2,PIK3R1,A549,0
FLT3,PDGFRA,A549,0
MAP3K1,TP53,A549,0
KMT2D,TP53,A549,0
ERBB2,RUNX1,A549,0
SEC11A,SEC11C,A549,0
SRPK2,SRPK3,A549,0
HK3,PGAM1,A549,0
BCL2,BCL2L10,A549,0
ARID1A,MET,A549,0
ABL1,SMARCA4,A549,0
CDKN1B,MET,A549,0
BPGM,PGAM4,A549,0
LDHA,RPIA,A549,0
CDC42,RAC1,A549,0
PGAM2,PGK2,A549,0
MLH1,PRKDC,A549,0
ABL1,BCL2,A549,0
PGAM1,RPE,A549,0
HDAC1,MSH6,A549,0
ME2,PGAM1,A549,0
FNTA,PDGFRA,A549,0
CCNB1,CCNB2,A549,0
MAP3K1,VHL,A549,1
BRD4,PIK3R1,A549,0
ARID1A,TP53,A549,0
FBP1,FBP2,A549,0
STAMBP,STAMBPL1,A549,0
GAPDH,MDH1,A549,0
KCNB1,KCNS3,A549,0
BRAF,CDH1,A549,0
HSP90AA1,MLH1,A549,0
TRIM21,TRIM22,A549,0
BTK,VHL,A549,0
BAX,BID,A549,0
APC,HDAC6,A549,1
BCL2,JAK2,A549,0
ATP12A,ATP1A4,A549,0
MAP3K1,PRKDC,A549,0
KDM6A,SETD2,A549,0
KMT2D,MAP3K1,A549,0
MAP2K1,PIK3R1,A549,0
KCNB1,KCNB2,A549,0
ALK,PBRM1,A549,0
ADAM15,ADAM9,A549,0
GAPDHS,MDH2,A549,0
BRCA2,CHEK1,A549,0
ABL1,RB1,A549,0
YWHAH,YWHAZ,A549,0
ABL1,MTOR,A549,0
KMT2D,PARP1,A549,0
MARK2,SIK3,A549,0
BRAF,NF1,A549,0
MET,PTEN,A549,0
CALM2,CALML4,A549,0
BAD,PMAIP1,A549,0
AKT1,BCL2L2,A549,0
CDC25B,CDC25C,A549,0
GATA3,PBRM1,A549,0
ADA,MSH6,A549,0
USP20,USP33,A549,0
KIT,RB1,A549,0
PGD,PKLR,A549,0
ME2,PGD,A549,0
CDKN1B,EGFR,A549,0
MDH2,PFKL,A549,0
ARID2,CASP8,A549,0
ALDOB,G6PD,A549,0
CDH1,KIT,A549,0
LDHA,PDHB,A549,0
ABL1,MLH1,A549,0
CASP8,SETD2,A549,0
FNTA,SMARCB1,A549,0
PIK3CA,ROR1,A549,0
BCL2L11,BNIP3,A549,0
BRAF,BRCA2,A549,0
LDHA,RPE,A549,0
CDKN1B,FGFR2,A549,0
BCL2,PARP1,A549,0
CDH1,VHL,A549,0
CHEK1,MAP2K2,A549,0
BAD,BNIP3L,A549,0
CDH1,VEGFA,A549,0
DHFR,IGF1R,A549,0
HDAC4,HDAC9,A549,0
MLH1,VHL,A549,0
HDAC1,NF1,A549,0
KDM6A,KDM6B,A549,0
AKT1,VEGFA,A549,0
CHEK2,MTOR,A549,0
PRKRA,TARBP2,A549,0
CDKN2A,SETD2,A549,0
ADA,DHFR,A549,0
ARID1A,VHL,A549,0
CHEK2,RRM2,A549,0
GAPDH,H6PD,A549,0
ALDOC,PDHA1,A549,0
NF1,RUNX1,A549,0
KCNG4,KCNV1,A549,0
BCL2L14,BIK,A549,0
CDH1,PDGFRA,A549,0
FNTA,TP53,A549,0
CDKN1B,TYMS,A549,0
KCNG4,KCNS3,A549,0
MTHFD1,MTHFD2,A549,0
RNF113A,RNF113B,A549,0
ADA,MAP2K1,A549,0
CUL1,CUL3,A549,0
MDH2,PFKM,A549,0
AKT1,PTEN,A549,0
DGAT2,MOGAT2,A549,0
BRD4,GATA3,A549,0
APC,SMARCB1,A549,0
BCL2,BCL2A1,A549,0
KMT2D,MSH6,A549,0
RB1,VEGFA,A549,0
MTOR,PIK3CA,A549,1
SRPK1,SRPK2,A549,0
CASP8,RPS6KB1,A549,0
ACAA2,ACAT1,A549,0
LDHC,TKT,A549,0
SMO,TSC1,A549,0
HSP90AA1,KDM6A,A549,0
BCL2,SMO,A549,0
BIK,BNIP3,A549,0
ARID1A,BCL2,A549,0
CDK9,PDGFRA,A549,0
BCL2L10,CHEK1,A549,0
CDK2,CDK4,A549,0
ENO3,FBP1,A549,0
ADA,SMARCB1,A549,0
MLH1,PIK3R1,A549,0
ENO1,PGLS,A549,0
ENO3,HK1,A549,0
PAK1,PAK4,A549,0
APC,VHL,A549,0
CDK4,MTOR,A549,0
G6PD,PGLS,A549,0
BRCA2,TYMS,A549,0
DLD,PGAM2,A549,0
ADA,NF1,A549,0
CDK6,CHEK1,A549,0
FBP1,MDH2,A549,0
STK17A,STK17B,A549,0
HDAC1,RUNX1,A549,0
KCNB2,KCNG3,A549,0
CFD,CTSG,A549,0
TBC1D1,TBC1D4,A549,0
EGFR,MAP2K1,A549,0
ALK,SMO,A549,0
CDK9,WEE1,A549,0
PDHA1,RPE,A549,0
BTK,FGFR2,A549,0
APC,ARID1A,A549,1
BRCA2,KIT,A549,0
CASP8,HDAC1,A549,0
APC,FGFR2,A549,0
CDK6,CDKN1B,A549,0
MSH6,PRKDC,A549,0
ADA,ERBB2,A549,1
PFKL,PFKM,A549,0
BCL2A1,BRCA1,A549,0
BAK1,BAX,A549,0
MET,TYMS,A549,0
RUNX1,VEGFA,A549,0
IGF1R,RRM2,A549,0
DAPK1,DAPK3,A549,0
CDK6,MSH6,A549,0
MAP3K1,PTEN,A549,0
BNIP3,PMAIP1,A549,0
ALK,DHFR,A549,0
AKT1,SRC,A549,0
BCL2L14,PMAIP1,A549,0
PGAM1,PGK2,A549,0
MSH6,TYMS,A549,0
CDK4,RRM2,A549,0
CASP4,CASP5,A549,0
KCNG1,KCNS3,A549,0
ALDOA,G6PD,A549,0
MTHFD1,MTHFD1L,A549,0
FBP2,PDHX,A549,0
ARID1A,CDH1,A549,0
LDHA,PGAM1,A549,0
ALDOB,LDHAL6B,A549,0
GATA3,HSP90AA1,A549,0
H6PD,LDHB,A549,0
DLAT,LDHC,A549,0
LDHAL6A,UEVLD,A549,0
MAP2K1,MLH1,A549,0
BRD4,VHL,A549,0
RRM2,WEE1,A549,0
CDKN1B,HDAC1,A549,0
ABL1,KDM6A,A549,0
PDHX,PGLS,A549,0
MAP2K1,SRC,A549,0
MAP2K2,MAPK3,A549,0
PDHB,PFKL,A549,0
BRD4,VEGFA,A549,0
PDHA1,PGK1,A549,0
ACVR1,BMPR1A,A549,0
ENO1,PDHX,A549,0
LDHAL6B,TALDO1,A549,0
ENO2,MDH2,A549,0
BCL2,BRAF,A549,0
CDKN1B,FLT3,A549,0
MTOR,PARP1,A549,0
CDKN1B,KIT,A549,0
BCL2,EGFR,A549,0
CDKN2A,KIT,A549,0
LDHA,MDH2,A549,0
ATP1A4,ATP4A,A549,0
MDH1,TPI1,A549,0
PGK2,TALDO1,A549,0
CDKN1B,KDM6A,A549,0
CDK9,PARP1,A549,0
HDAC6,SMARCA4,A549,0
EML1,EML4,A549,0
LDHB,PDHA1,A549,0
ENO1,PFKP,A549,0
CASP8,HSP90AA1,A549,0
ARID1A,RUNX1,A549,0
CDK4,TYMS,A549,0
TKTL1,TKTL2,A549,0
MAP2K1,MET,A549,0
EGFR,SMAD4,A549,0
DHFR,PIK3R1,A549,0
MET,PBRM1,A549,0
BRD4,MSH6,A549,0
PBRM1,SMARCB1,A549,0
ALDOB,TALDO1,A549,0
ABL1,KIT,A549,0
ERBB2,PDGFRA,A549,1
LCK,SRC,A549,0
BRCA2,MAP2K2,A549,0
ADA,PBRM1,A549,0
ALDOC,DLD,A549,0
PIK3R1,PRKDC,A549,0
CASP8,PIK3R1,A549,0
CUL4A,CUL4B,A549,0
CASP8,JAK2,A549,0
ATP2B1,ATP2B4,A549,0
ABL1,TYMS,A549,0
FGFR2,FGFR3,A549,0
CDH1,FNTA,A549,0
MAP3K10,MAP3K11,A549,0
GOT1,PGK2,A549,0
LDHB,PFKL,A549,0
DHFR,PTEN,A549,0
MET,VHL,A549,0
KDM6A,ROR1,A549,0
TSC1,WEE1,A549,0
LDHA,TKT,A549,0
BCL2L10,BRCA2,A549,0
BTK,DHFR,A549,0
CHEK2,PDGFRA,A549,0
JAK2,VEGFA,A549,0
SMARCA4,SMO,A549,0
ARID2,BRAF,A549,1
BAX,HRK,A549,0
BCL2A1,UBC,A549,0
BRAF,RPS6KB1,A549,0
BCL2L1,CHEK2,A549,0
BCL2,PDGFRA,A549,0
PDHB,PFKM,A549,0
CTSG,GZMA,A549,0
ARID1A,FNTA,A549,0
BCL2A1,BCL2L10,A549,0
TUBB,TUBB6,A549,0
ENO2,LDHC,A549,0
PIK3R1,VHL,A549,0
CASP8,CHEK2,A549,0
KIT,SETD2,A549,0
UBE2Q2,UBE2QL1,A549,0
AK5,CMPK1,A549,0
PIP5K1B,PIP5K1C,A549,0
AKT1,PARP2,A549,0
GAPDHS,TKT,A549,0
KCNF1,KCNG3,A549,0
FBP1,TPI1,A549,0
PBRM1,PIK3R1,A549,0
FGFR3,SMO,A549,0
ROR1,TYMS,A549,0
HK3,PDHX,A549,0
ROR1,RPS6KB1,A549,0
DHFR,FLT3,A549,0
PBRM1,WEE1,A549,0
CDH1,EGFR,A549,0
ABL1,ARID2,A549,0
CDKN1B,VEGFA,A549,0
PDGFRA,SMARCA4,A549,0
ENO1,PGK2,A549,0
PSPC1,SFPQ,A549,0
ME2,PDHA2,A549,0
ALDOB,PGK1,A549,0
GOT2,MDH2,A549,0
DHFR,VHL,A549,0
FGFR2,RB1,A549,0
PDGFRA,VHL,A549,0
LDHC,PKM,A549,0
ARID1A,PBRM1,A549,0
PDHA2,PGAM2,A549,0
CDH1,SETD2,A549,0
ATP12A,ATP1A2,A549,0
KCNB1,KCNV1,A549,0
ERBB2,RPS6KB1,A549,0
GAPDH,PKM,A549,0
G6PD,PFKM,A549,0
DAPK3,STK17B,A549,0
PDHX,PFKM,A549,0
PKM,RPIA,A549,0
JAK2,MTOR,A549,0
ALDOA,DLD,A549,0
LDHC,PFKP,A549,0
GAPDHS,PKLR,A549,0
AURKA,AURKC,A549,0
ATM,RUNX1,A549,0
CTSE,PGC,A549,0
MAP2K1,MTOR,A549,0
CDK4,HDAC6,A549,0
BCL2L10,MCL1,A549,0
AKT1,BCL2,A549,0
KIT,SMAD4,A549,1
UBE2B,UBE2W,A549,0
GSPT1,GSPT2,A549,0
CHEK2,MSH6,A549,0
MLH1,PIK3CA,A549,0
BRAF,IGF1R,A549,0
MDH2,TKT,A549,0
BRCA2,PDGFRA,A549,0
AICDA,APOBEC3B,A549,0
APC,CDK9,A549,0
HMGCS1,HMGCS2,A549,0
KDM6A,MAP2K1,A549,0
ENO3,GOT2,A549,0
ARID2,MSH6,A549,1
CHEK2,FGFR3,A549,0
MDH1,PKM,A549,0
HK2,PGK1,A549,0
GAPDHS,GOT1,A549,0
AP2A1,AP2A2,A549,0
CASP8,EGFR,A549,0
ABL1,CDH1,A549,0
AKT1,PIK3R1,A549,0
BRCA2,MET,A549,0
MDH2,PGK2,A549,0
GSPT2,HBS1L,A549,0
FGFR2,PIK3R1,A549,0
RB1,WEE1,A549,0
ARID2,SMARCB1,A549,1
BRCA2,EGFR,A549,0
ABL1,FGFR2,A549,0
CDK6,DHFR,A549,0
HDAC6,SMARCB1,A549,0
ENO1,RPE,A549,0
MTOR,RB1,A549,0
PADI1,PADI2,A549,0
FNTA,SMARCA4,A549,0
ARID1A,CHEK2,A549,0
AKT2,BCL2L10,A549,0
ATP6V1G1,ATP6V1G3,A549,0
ARID2,ATM,A549,1
PRKDC,RRM2,A549,0
CDK6,SETD2,A549,0
PPIL1,PPWD1,A549,0
BAX,PMAIP1,A549,0
RRM2,TP53,A549,0
KIT,MAP2K1,A549,0
CCL24,CCL8,A549,0
ENO2,TKT,A549,0
PIK3CA,TYMS,A549,0
BBC3,BOK,A549,0
PDHA1,TKT,A549,0
GAPDH,PGK2,A549,0
PFKM,RPE,A549,0
APC,IGF1R,A549,1
IGF1R,MSH6,A549,0
LDHB,RPIA,A549,0
BRAF,FGFR2,A549,0
ENO2,LDHAL6B,A549,0
BCL2L1,MAP2K2,A549,0
ALK,KDM6A,A549,0
ENO3,PDHA1,A549,0
BTK,SMARCB1,A549,0
GAPDH,TPI1,A549,0
CDK4,CDKN1B,A549,0
CHEK2,PTEN,A549,0
TP53,VHL,A549,0
BRCA1,WEE1,A549,0
H6PD,RPIA,A549,0
FGFR2,RRM2,A549,0
BCL2L10,MAPK1,A549,0
DDX17,DDX5,A549,0
UBE2D3,UBE2E1,A549,0
MET,TP53,A549,0
CASP8,WEE1,A549,0
HDAC1,VHL,A549,0
DLAT,H6PD,A549,0
ERBB2,FLT3,A549,1
MDH1,PFKM,A549,0
ME1,PFKP,A549,0
MET,MST1R,A549,0
MET,PIK3CA,A549,0
CDK4,GATA3,A549,0
BCL2A1,UBB,A549,0
BID,HRK,A549,0
DLD,GOT2,A549,0
CDK6,FNTA,A549,0
KCNF1,KCNS3,A549,0
ME1,PFKM,A549,0
BRD4,CHEK2,A549,0
HDAC6,PIK3R1,A549,0
CDK4,PRKDC,A549,0
BCL2A1,CHEK2,A549,0
BCL2,PIK3CA,A549,0
DHFR,MLH1,A549,0
HK2,LDHC,A549,0
BTK,PDGFRA,A549,0
CDKN2A,NF1,A549,0
HSP90AA1,NF1,A549,0
ALDOA,ENO3,A549,0
LDHA,PDHA2,A549,0
GAPDHS,HK1,A549,0
FNTA,WEE1,A549,0
APC,BCL2,A549,0
LDHC,MDH1,A549,0
DHFR,FGFR2,A549,0
BTK,VEGFA,A549,0
PKM,RPE,A549,0
HDAC1,MLH1,A549,0
BRD4,MAP2K1,A549,0
HSP90AA1,RRM2,A549,0
LDHB,ME2,A549,0
G6PD,TALDO1,A549,0
ME1,RPIA,A549,0
ARID1A,PIK3R1,A549,0
ABL1,PBRM1,A549,0
BCL2L10,BRCA1,A549,0
AKT1,NF1,A549,0
CHEK2,PBRM1,A549,0
DHFR,EGFR,A549,0
BTK,FGFR3,A549,0
PKN2,PRKCQ,A549,0
MSH6,WEE1,A549,0
HK2,LDHAL6B,A549,0
PARP1,WEE1,A549,0
FLT3,SMARCB1,A549,0
MAP2K2,MTOR,A549,0
APC,FNTA,A549,0
H6PD,MDH2,A549,0
HDAC1,MET,A549,0
CDK4,FLT3,A549,0
ME1,TPI1,A549,0
AKT1,MTOR,A549,0
CDKN2A,SMO,A549,0
LDHAL6B,RPIA,A549,0
PDHA1,PGD,A549,0
PDHX,TKT,A549,0
TNS1,TNS4,A549,0
PTEN,WEE1,A549,0
BRD4,BTK,A549,0
FNTA,RB1,A549,0
ENO3,MDH2,A549,0
HK2,PFKM,A549,0
CDKN1B,RUNX1,A549,0
TRAF1,TRAF5,A549,0
AKT2,MCL1,A549,0
EGFR,VHL,A549,0
MSH6,MTOR,A549,0
G6PD,HK2,A549,0
MDH2,PGAM2,A549,0
ENO2,ME2,A549,0
ENO2,TPI1,A549,0
ALDOB,LDHA,A549,0
SRPK1,SRPK3,A549,0
CDKN1B,ROR1,A549,0
ARID1A,MAP2K1,A549,0
PDHX,RPE,A549,0
MAP2K1,PBRM1,A549,0
MET,WEE1,A549,0
BRCA2,MTOR,A549,0
DHFR,GATA3,A549,0
HDAC1,PBRM1,A549,0
CHEK1,RRM2,A549,0
PGD,TPI1,A549,0
PGD,RPE,A549,0
ME2,PGAM2,A549,0
CORO1A,CORO1C,A549,0
ALDOB,PFKM,A549,0
HK1,MDH2,A549,0
PFKM,TPI1,A549,0
TP53,VEGFA,A549,0
LDHAL6B,PDHA1,A549,0
IGF1R,PIK3CA,A549,0
CHEK2,EGFR,A549,0
ENO2,FBP2,A549,0
CHEK2,TSC1,A549,0
RUNX1,WEE1,A549,0
GOT2,PGLS,A549,0
PGC,REN,A549,0
PIK3CA,WEE1,A549,0
AKT2,PARP2,A549,0
PDHA2,PGLS,A549,0
ADA,ROR1,A549,0
ALDOB,LDHB,A549,0
DHFR,PBRM1,A549,0
RB1,SRC,A549,0
LDHB,PFKP,A549,0
AKT1,RPS6KB1,A549,0
BRAF,RAF1,A549,0
ALDOA,HK1,A549,0
ALDOA,RPE,A549,0
ALK,TP53,A549,0
PTEN,RPS6KB1,A549,0
CUL1,CUL4A,A549,0
EGFR,PRKDC,A549,0
HK1,MDH1,A549,0
ALDOB,PDHA1,A549,0
ADA,KMT2D,A549,0
AKT1,BCL2A1,A549,0
PFKP,RPE,A549,0
AKT1,EGFR,A549,0
CDK9,MET,A549,0
BTK,RRM2,A549,1
ALK,MET,A549,0
PDHA1,PKLR,A549,0
BRD4,SMAD4,A549,0
PGK1,PGLS,A549,0
LRP1B,LRP6,A549,0
CDK4,WEE1,A549,0
BCL2L1,MTOR,A549,0
MLH1,TSC1,A549,0
ARID1A,PRKDC,A549,0
ARID1A,BRD4,A549,0
FLT3,PRKDC,A549,0
ENO2,LDHB,A549,0
UBB,UBC,A549,0
KCNC1,KCNC2,A549,0
APC,CDK4,A549,0
ADA,BRCA2,A549,0
AKT1,UBB,A549,0
APC,MAP2K1,A549,0
BPGM,PGAM2,A549,0
ALK,KIT,A549,0
PKLR,TPI1,A549,0
ATM,VEGFA,A549,0
ARID2,BTK,A549,0
NF1,SETD2,A549,0
PGD,PKM,A549,0
FGFR3,HDAC1,A549,0
KCNN1,KCNN3,A549,0
FBP1,PDHA1,A549,0
CDK6,PRKDC,A549,0
PBRM1,RPS6KB1,A549,0
ABL1,SMAD4,A549,0
BCL2,TP53,A549,0
H6PD,LDHA,A549,0
BTK,SRC,A549,0
CCL7,CCL8,A549,0
CDK9,TP53,A549,0
APC,CHEK1,A549,0
PDHA1,PGAM2,A549,0
ENO1,HK2,A549,0
MAP2K2,MAP2K3,A549,0
RUNX1,SRC,A549,0
GOT1,PFKP,A549,0
GOT2,TPI1,A549,0
CASP8,PDGFRA,A549,0
KDM6A,PIK3CA,A549,0
JAK2,PIK3CA,A549,0
PDGFRA,SMARCB1,A549,0
CDK4,CDK6,A549,0
ENO2,HK2,A549,0
RPS6KB1,SMARCA4,A549,0
HK3,TPI1,A549,0
GATA3,SETD2,A549,0
PGLS,RPE,A549,0
ME1,PGK2,A549,0
SMO,WEE1,A549,0
ARID2,JAK2,A549,1
BRCA2,CDKN2A,A549,0
BRAF,PARP1,A549,0
ATM,PBRM1,A549,0
ADA,VHL,A549,0
MDH2,PGLS,A549,0
SMAD4,TYMS,A549,0
FLT3,KDM6A,A549,0
ACHE,BCHE,A549,0
MAP2K1,PARP1,A549,0
HK3,PDHA1,A549,0
VEGFA,WEE1,A549,0
ABL1,PARP1,A549,0
BTK,NF1,A549,1
ABL1,MET,A549,0
H6PD,PDHX,A549,0
BTK,CDK9,A549,0
GAPDH,TALDO1,A549,0
CDKN1B,TSC1,A549,0
GCA,PEF1,A549,0
TRIM17,TRIM38,A549,0
BCL2L1,HSP90AA1,A549,0
CDK6,SMARCA4,A549,0
MAP2K1,MAPK3,A549,0
PIK3CA,VEGFA,A549,0
ERBB2,ERBB3,A549,0
CDKN2A,TYMS,A549,0
HK1,ME1,A549,0
HK1,PDHB,A549,0
BAD,BAK1,A549,0
PIK3R1,SMO,A549,0
CHEK2,MCL1,A549,0
ARID2,BRD4,A549,1
HK3,RPIA,A549,0
KCNH1,KCNH2,A549,0
KMT2D,NF1,A549,0
AKT1,CDK6,A549,0
ERBB2,ROR1,A549,1
PGAM1,TALDO1,A549,0
PDHX,TALDO1,A549,0
GOT1,PFKL,A549,0
DLD,LDHA,A549,0
HDAC1,SMAD4,A549,0
BCL2,CHEK2,A549,0
GOT2,RPIA,A549,0
KCNB2,KCNV2,A549,0
ATM,RRM2,A549,0
BRD4,ERBB2,A549,1
ARID2,PDGFRA,A549,0
ADA,JAK2,A549,0
MET,RPS6KB1,A549,0
PDHB,PFKP,A549,0
BTK,TP53,A549,0
AZU1,PRTN3,A549,0
CHEK1,PBRM1,A549,0
ALDOC,G6PD,A549,0
ABL1,CDK4,A549,0
ERBB2,GATA3,A549,0
KDM6A,VHL,A549,0
MSH6,RRM2,A549,0
BRCA2,SMAD4,A549,0
HDAC6,MET,A549,0
PGK2,PKLR,A549,0
APC,RRM2,A549,0
CHEK1,ERBB2,A549,0
FGFR3,IGF1R,A549,0
KIT,MLH1,A549,0
CTSG,GZMM,A549,0
PRKDC,RPS6KB1,A549,0
PGAM1,PKM,A549,0
KMT2D,VEGFA,A549,0
AKT1,RRM2,A549,0
ALDOA,TKT,A549,0
LDHB,TALDO1,A549,0
GAPDHS,TPI1,A549,0
BCL2,HDAC6,A549,0
YWHAB,YWHAZ,A549,0
PTEN,SMO,A549,0
ALDOC,PDHX,A549,0
ALK,BRD4,A549,0
PGLS,PKLR,A549,0
SRC,TYMS,A549,0
ABL1,ADA,A549,0
TYMS,WEE1,A549,0
GSPT1,HBS1L,A549,0
ME1,ME2,A549,0
BCL2,DHFR,A549,0
SMARCA4,VEGFA,A549,1
CDK9,RPS6KB1,A549,0
DLAT,LDHAL6B,A549,0
CDK4,CDK9,A549,0
LDHC,PDHA2,A549,0
ABL1,DHFR,A549,0
BRCA1,MAP2K2,A549,0
CTSK,CTSV,A549,0
APC,ROR1,A549,1
KDM6A,TSC1,A549,0
PRMT3,PRMT6,A549,0
KMT2D,SMARCA4,A549,0
HDAC6,HSP90AA1,A549,0
MSH6,VHL,A549,0
FLT3,WEE1,A549,0
APC,WEE1,A549,1
CHEK2,SMO,A549,0
FLT3,TYMS,A549,0
DLD,HK1,A549,0
CHEK1,UBC,A549,0
ARID2,KMT2D,A549,0
BRD4,SETD2,A549,0
ABL1,SMARCB1,A549,0
DLAT,PGD,A549,0
CAMKK1,CAMKK2,A549,0
DPF2,DPF3,A549,0
HK3,LDHC,A549,0
CSNK1G1,CSNK1G2,A549,0
ABL1,SMO,A549,0
KCNB1,KCNF1,A549,0
PGAM2,PGD,A549,0
KMT2D,PTEN,A549,0
CDKN1B,MSH6,A549,0
KCNB2,KCNS3,A549,0
MET,SMARCA4,A549,0
CHEK2,WEE1,A549,0
CHEK1,MET,A549,0
ALDOA,HK3,A549,0
AFG3L2,SPG7,A549,0
BRAF,CDK4,A549,0
HSP90AA1,VEGFA,A549,0
CDKN1B,CHEK2,A549,0
FGFR2,MAP2K1,A549,0
MET,SMAD4,A549,0
EPB42,TGM2,A549,0
HDAC1,VEGFA,A549,0
PFKL,TPI1,A549,0
PDHA2,TALDO1,A549,0
MET,NF1,A549,0
PBRM1,TP53,A549,0
NONO,SFPQ,A549,0
DLD,ENO1,A549,0
APC,SETD2,A549,0
KCNA3,KCNC2,A549,0
BAX,BCL2L14,A549,0
GOT2,PDHA2,A549,0
BCL2,HDAC1,A549,0
FGFR2,PTEN,A549,0
FBP2,GOT1,A549,0
ABL1,PDGFRA,A549,0
BRD4,RB1,A549,0
PLCB3,PLCB4,A549,0
ALK,HDAC1,A549,0
LDHAL6B,ME1,A549,0
KMT2D,SRC,A549,0
BCL2L14,HRK,A549,0
GOT2,ME2,A549,0
ALDOB,DLD,A549,0
CCL3,CCL3L3,A549,0
FBP1,PGAM1,A549,0
CHEK1,FGFR2,A549,0
MAP2K1,MAP2K3,A549,0
ME2,PGK2,A549,0
BRCA2,UBB,A549,0
BCL2,SMARCB1,A549,0
KCNA3,KCNC3,A549,0
KCNN2,KCNN3,A549,0
APC,KIT,A549,1
FLT3,NF1,A549,0
CFD,GZMB,A549,0
HDAC6,KMT2D,A549,0
PDHA2,PGAM1,A549,0
PGK2,PKM,A549,0
BCL2L12,PMAIP1,A549,0
ALDOA,ENO1,A549,0
FBP2,HK3,A549,0
G6PD,GOT1,A549,0
BRCA2,BRD4,A549,0
KMT2D,MTOR,A549,0
SMAD4,TP53,A549,0
EGFR,FGFR2,A549,0
PDHB,PGLS,A549,0
KDM6A,NF1,A549,0
CHEK1,WEE1,A549,0
PDIA3,PDIA4,A549,0
CDKN2A,FLT3,A549,0
CDK6,SMAD4,A549,0
DAPK1,STK17B,A549,0
RAC1,RAC2,A549,0
LDHAL6B,ME2,A549,0
FBP2,GAPDHS,A549,0
ALK,EGFR,A549,0
ERBB2,FNTA,A549,1
KCNS1,KCNV1,A549,0
PDHB,TPI1,A549,0
CHEK1,TYMS,A549,0
BCL2,IGF1R,A549,0
AKT1,AKT2,A549,0
TSC1,TYMS,A549,0
ABL1,VEGFA,A549,0
ALK,ATM,A549,0
ERBB2,HDAC1,A549,0
SMAD4,SRC,A549,0
PSMB11,PSMB5,A549,0
KDM6A,VEGFA,A549,0
KCNA7,KCNC3,A549,0
ARID1A,RB1,A549,0
WNK1,WNK2,A549,0
ADA,EGFR,A549,0
EGFR,PARP1,A549,0
CDK9,HDAC6,A549,0
PIK3CA,SMO,A549,0
EGFR,FNTA,A549,0
FLT3,SETD2,A549,0
BRAF,HSP90AA1,A549,0
PIK3CA,VHL,A549,0
MAPK3,PARP1,A549,0
ALK,CDH1,A549,0
MDH1,TALDO1,A549,0
MDH2,PGD,A549,0
CDKN2A,DHFR,A549,0
DLAT,GAPDHS,A549,0
GATA3,KIT,A549,0
DLD,PGK2,A549,0
LTBP1,LTBP3,A549,0
ENO3,TKT,A549,0
BIK,BNIP3L,A549,0
FNTA,IGF1R,A549,0
BCL2L1,BCL2L10,A549,0
ALK,MAP2K1,A549,0
CHEK2,PARP1,A549,0
PGAM2,PKM,A549,0
ENO2,ENO3,A549,0
MAPK3,MCL1,A549,0
KCNA7,KCND1,A549,0
CALM3,CALML4,A549,0
BRCA2,CHEK2,A549,0
TRAF1,TRAF3,A549,0
CHEK2,SRC,A549,0
ADA,SMAD4,A549,0
PDGFRA,WEE1,A549,0
BRD4,CDK9,A549,0
H6PD,PGD,A549,0
ARID1A,JAK2,A549,0
KCNC3,KCNC4,A549,0
BRD4,PIK3CA,A549,0
BCL2L10,MTOR,A549,0
BRAF,SMARCB1,A549,0
SMARCB1,TP53,A549,0
CDH1,TYMS,A549,0
SMAD4,VEGFA,A549,0
TKT,TKTL1,A549,0
EGFR,ERBB2,A549,1
GZMH,GZMM,A549,0
ATM,RB1,A549,0
ALDOC,LDHC,A549,0
HDAC1,SMO,A549,0
BTK,JAK2,A549,1
BCL2L12,BNIP3L,A549,0
ARID2,SRC,A549,0
H6PD,PGAM2,A549,0
G6PD,RPIA,A549,0
CALM3,CALML5,A549,0
ALDOC,DLAT,A549,0
BCL2,MAP2K1,A549,0
FBP1,PGAM2,A549,0
ME1,TKT,A549,0
CDK9,KIT,A549,0
FGFR3,RUNX1,A549,0
CHEK1,EGFR,A549,0
CDH1,PIK3CA,A549,0
ARID2,GATA3,A549,0
KMT2D,PDGFRA,A549,0
IGF1R,MET,A549,0
BCL2L2,CHEK1,A549,0
CHEK1,PARP1,A549,0
CDK4,PIK3R1,A549,0
PTPRD,PTPRF,A549,0
DLAT,PDHX,A549,0
PARP1,UBB,A549,0
ATP1A2,ATP1A4,A549,0
CASP8,TSC1,A549,0
DHFR,RUNX1,A549,0
HSP90AA1,TYMS,A549,0
CASP8,CDK6,A549,0
KDM6A,PDGFRA,A549,0
CDH1,PIK3R1,A549,0
BNIP3,BNIP3L,A549,0
ALDOA,ALDOB,A549,0
PLA2G10,PLA2G1B,A549,0
DLAT,GAPDH,A549,0
PBRM1,PRKDC,A549,1
MLH1,WEE1,A549,0
H6PD,LDHC,A549,0
APC,HSP90AA1,A549,1
ENO1,RPIA,A549,0
PFKL,PGK2,A549,0
STK24,STK3,A549,0
BRAF,MTOR,A549,0
ADAM12,ADAM28,A549,0
G6PD,PGK2,A549,0
ARID2,RB1,A549,0
APOBEC3D,APOBEC3F,A549,0
ALK,CASP8,A549,0
CDK6,KIT,A549,0
PACSIN2,PACSIN3,A549,0
BAX,BCL2L12,A549,0
ERBB2,PTEN,A549,0
ABL1,SRC,A549,0
ATM,CHEK2,A549,0
AKT1,ARID1A,A549,0
PGK1,PKM,A549,0
HSP90AA1,PARP1,A549,0
CSNK1G2,CSNK1G3,A549,0
PGD,PGLS,A549,0
ADA,KIT,A549,0
BCL2,MCL1,A549,0
G6PD,PFKL,A549,0
RPIA,TKT,A549,0
APC,CDK6,A549,0
ENO2,LDHA,A549,0
NF1,WEE1,A549,0
BRCA2,PARP1,A549,0
AKT1,IGF1R,A549,0
VEGFA,VHL,A549,0
MAP2K1,RRM2,A549,0
ARID2,ROR1,A549,1
UBE2L3,UBE2L6,A549,0
CDK4,TSC1,A549,0
TRIM17,TRIM21,A549,0
PFKL,PFKP,A549,0
ALDOC,TKT,A549,0
ALK,FGFR3,A549,0
EGFR,RUNX1,A549,0
FBP2,GOT2,A549,0
ARID2,NF1,A549,1
TESK1,TESK2,A549,0
BIK,HRK,A549,0
JAK2,VHL,A549,0
CDK4,SMARCB1,A549,0
CARD10,CARD11,A549,0
BAX,BNIP3L,A549,0
GOT2,RPE,A549,0
HK3,PGK2,A549,0
ALDOB,HK3,A549,0
PDGFRA,TYMS,A549,0
BCL2A1,BCL2L1,A549,0
BRAF,PIK3CA,A549,0
G6PD,PKM,A549,0
BCL2,CDH1,A549,0
HSP90AA1,PIK3CA,A549,0
MSH6,PBRM1,A549,0
CHEK1,HDAC1,A549,0
H6PD,HK3,A549,0
LDHA,PKM,A549,0
FGFR3,FNTA,A549,0
BRD4,MET,A549,0
MAP2K1,NF1,A549,0
CDK9,DHFR,A549,0
MCL1,MTOR,A549,0
ENO1,H6PD,A549,0
CASP8,CHEK1,A549,0
FBP1,LDHA,A549,0
CASP3,CASP9,A549,0
AKT1,GATA3,A549,0
EPHA4,EPHA5,A549,0
BTK,GATA3,A549,1
EGFR,JAK2,A549,0
CDK6,PDGFRA,A549,0
HDAC1,SETD2,A549,0
KCNA1,KCND3,A549,0
RB1,SMARCA4,A549,0
GAPDH,ME2,A549,0
BRCA2,CDK9,A549,0
ATP6V1G1,ATP6V1G2,A549,0
FBXO17,FBXO6,A549,0
TRIM21,TRIM38,A549,0
BRCA2,VHL,A549,0
MLH1,RUNX1,A549,0
PGLS,RPIA,A549,0
MLH1,SMO,A549,0
FGFR2,HDAC6,A549,0
HK3,ME2,A549,0
FBP1,PKLR,A549,0
BTK,CDK6,A549,0
CLK1,CLK3,A549,0
BRCA1,PARP2,A549,0
PGAM1,PGLS,A549,0
AKT1,KDM6A,A549,0
HK3,PGLS,A549,0
DHFR,MSH6,A549,0
CDKN2A,SMARCB1,A549,0
FGFR2,KIT,A549,0
ALDOC,PGLS,A549,0
COPG1,COPG2,A549,0
PPIB,PPWD1,A549,0
ADA,HDAC6,A549,0
FLT3,KIT,A549,0
KLHL1,KLHL12,A549,0
APC,CDH1,A549,1
ENO3,RPIA,A549,0
ALDOC,ENO2,A549,0
SEPHS1,SEPHS2,A549,0
PKLR,PKM,A549,0
MAP2K1,WEE1,A549,0
GOT2,ME1,A549,0
HDAC1,JAK2,A549,0
MLH1,RRM2,A549,0
ME1,TALDO1,A549,0
GOT1,PDHB,A549,0
PDHB,PKM,A549,0
MDH2,PDHA1,A549,0
ERBB2,PBRM1,A549,1
SMARCB1,WEE1,A549,0
KDM6A,MSH6,A549,0
CDH1,SMO,A549,0
AKT1,JAK2,A549,0
ALDOB,GOT2,A549,0
KCNC2,KCNC4,A549,0
CNKSR1,CNKSR2,A549,0
GOT1,RPE,A549,0
DLD,PDHA1,A549,0
CDK6,PTEN,A549,0
CALM3,TNNC2,A549,0
TUBB,TUBB4B,A549,0
ENO1,FBP2,A549,0
HK3,PDHA2,A549,0
CDKN2A,PARP1,A549,0
BCL2L11,BIK,A549,0
ARID1A,ARID2,A549,0
BRCA2,CDK4,A549,0
ENO2,PDHA2,A549,0
RPS6KB1,RRM2,A549,0
BAD,BOK,A549,0
ENO3,TALDO1,A549,0
ENO3,LDHAL6B,A549,0
ARID2,DHFR,A549,1
AKT1,CHEK2,A549,0
IGF1R,SRC,A549,0
PFKP,TALDO1,A549,0
PIK3R1,SMARCA4,A549,0
BCL2,CHEK1,A549,0
BTK,ROR1,A549,1
AKT1,CDKN1B,A549,0
BRD4,CDK4,A549,0
PGK2,RPE,A549,0
KMT2D,PIK3CA,A549,0
HK1,HK3,A549,0
GAPDHS,ME2,A549,0
EGFR,HSP90AA1,A549,0
ARID2,HDAC6,A549,0
SMO,TYMS,A549,0
SETD2,WEE1,A549,0
UBB,WEE1,A549,0
PGAM1,PKLR,A549,0
AKT1,RPS6KB2,A549,0
ARID1A,RRM2,A549,0
FGFR2,TYMS,A549,0
ALDOA,PDHA2,A549,0
CDK9,FGFR3,A549,0
ROR1,SMAD4,A549,0
BIRC3,BIRC7,A549,0
CDKN1B,ERBB2,A549,0
ALDOB,H6PD,A549,0
CDK1,CDK3,A549,0
ATM,CDKN1B,A549,0
BCL2L2,MCL1,A549,0
PGLS,PKM,A549,0
CARD16,CARD18,A549,0
SETD2,TP53,A549,0
BCL2L10,WEE1,A549,0
ENO3,HK3,A549,0
BAD,BCL2L12,A549,0
SMAD4,TSC1,A549,0
BCL2L1,BCL2L2,A549,0
PDHA2,PFKL,A549,0
BCL2,CDKN2A,A549,0
MTOR,SMO,A549,0
FBXO44,FBXO6,A549,0
DHFR,RPS6KB1,A549,0
CDK6,WEE1,A549,0
FNTA,KIT,A549,0
PDHB,PGAM1,A549,0
APC,MET,A549,0
HDAC6,VHL,A549,0
MLH1,SMARCB1,A549,0
KIT,SRC,A549,0
ROR1,SETD2,A549,0
HDAC1,PRKDC,A549,0
HK3,LDHAL6B,A549,0
PLXNA2,PLXNA3,A549,0
HK2,HK3,A549,0
DAPK3,STK17A,A549,0
MTOR,TP53,A549,0
BCL2L11,BCL2L12,A549,0
CDH1,PTEN,A549,0
IGF1R,PDGFRA,A549,0
CDK6,FGFR3,A549,0
ARID1A,MAP3K1,A549,1
CDKN2A,GATA3,A549,0
BTK,TSC1,A549,0
ATM,JAK2,A549,0
ERBB2,MET,A549,0
ERBB2,HSP90AA1,A549,1
BRCA2,RPS6KB1,A549,0
BRCA2,IGF1R,A549,0
CTSF,CTSV,A549,0
BCL2L10,PARP1,A549,0
CDK4,HSP90AA1,A549,0
FGFR3,ROR1,A549,0
RRM2,VEGFA,A549,0
BRD4,RPS6KB1,A549,0
G6PD,MDH2,A549,0
ABL1,IGF1R,A549,0
CHEK2,SMARCB1,A549,0
CHEK1,PIK3R1,A549,0
CASP8,MAP2K1,A549,0
FGFR3,SMARCB1,A549,0
PDGFRA,RRM2,A549,0
PDHA1,TPI1,A549,0
SRC,YES1,A549,0
ABL1,AKT1,A549,0
ALK,PDGFRA,A549,0
CDK9,SMAD4,A549,1
AKT1,HSP90AA1,A549,0
DLD,ME2,A549,0
ABL1,ROR1,A549,0
CAPN1,CAPN2,A549,0
KCND2,KCND3,A549,0
IGF1R,SMO,A549,0
AKT1,ERBB2,A549,1
APC,CHEK2,A549,1
SMO,SRC,A549,0
KCNG1,KCNG3,A549,0
ALDOC,PGK2,A549,0
ADA,CDKN2A,A549,0
DHFR,RB1,A549,0
GAPDH,TKT,A549,0
CDK9,JAK2,A549,0
BRAF,HDAC6,A549,0
ADAM15,ADAM28,A549,0
